Index,Segment,Date,Time,TimeZone,State1,State2,State3,Fujita,Fatalities,Injuries,Width,Length,County1,County2,County3,County4,County5,County6,County7,County8,County9,County10,County11,County12,Damage,CropLoss,TouchdownLat,TouchdownLon,LiftoffLat,LiftoffLon,NumberOfStates,StateTor,TorNum,RecordStatus
19550105.40.1,Summary,1955-01-05,05:00:00,3,Oklahoma,-,-,0,0,0,10,0.1,Grady,-,-,-,-,-,-,-,-,-,-,-,-,,35.07,-97.93,-,-,1,,1,Unmodified
19550108.12.1,Summary,1955-01-08,21:30:00,3,Florida,-,-,1,0,0,50,0.1,Orange,-,-,-,-,-,-,-,-,-,-,-,$50-$500,,28.62,-81.42,-,-,1,,2,Unmodified
19550118.6.1,Summary,1955-01-18,13:01:00,3,California,-,-,1,0,0,23,3,Los Angeles,-,-,-,-,-,-,-,-,-,-,-,$500-$5000,,34.05,-118.3,-,-,1,,3,Unmodified
19550201.47.1,Summary,1955-02-01,18:00:00,3,Tennessee,-,-,2,0,0,1000,9.4,Bedford,-,-,-,-,-,-,-,-,-,-,-,$50K-$500K,,35.57,-86.43,35.6,-86.27,1,,4,Unmodified
19550201.47.2,Summary,1955-02-01,23:00:00,3,Tennessee,-,-,1,0,0,300,2,Grundy,-,-,-,-,-,-,-,-,-,-,-,$5K-$50K,,35.43,-85.72,-,-,1,,5,Unmodified
19550219.5.1,Summary,1955-02-19,19:10:00,3,Arkansas,-,-,1,0,0,227,1,Nevada,-,-,-,-,-,-,-,-,-,-,-,$500-$5000,,33.8,-93.37,-,-,1,,6,Unmodified
19550228.40.2,Summary,1955-02-28,21:30:00,3,Oklahoma,-,-,2,0,0,10,2,Pittsburg,-,-,-,-,-,-,-,-,-,-,-,$5K-$50K,,35,-95.85,-,-,1,,7,Unmodified
19550301.39.1,Summary,1955-03-01,00:01:00,3,Ohio,-,-,1,0,1,100,0.5,Miami,-,-,-,-,-,-,-,-,-,-,-,$50K-$500K,,40.03,-84.22,-,-,1,,8,Unmodified
19550301.18.1,Summary,1955-03-01,01:30:00,3,Indiana,-,-,2,0,0,300,1.5,Lawrence,-,-,-,-,-,-,-,-,-,-,-,$5K-$50K,,38.83,-86.48,-,-,1,,9,Unmodified
19550301.39.2,Summary,1955-03-01,01:52:00,3,Ohio,-,-,3,1,6,40,2.5,Mahoning,-,-,-,-,-,-,-,-,-,-,-,$50K-$500K,,41.27,-80.67,-,-,1,,10,Unmodified
19550303.18.2,Summary,1955-03-03,16:15:00,3,Indiana,-,-,1,0,3,100,5.6,LaPorte,-,-,-,-,-,-,-,-,-,-,-,$5K-$50K,,41.62,-86.78,41.6,-86.67,1,,11,Unmodified
19550304.21.1,Summary,1955-03-04,18:45:00,3,Kentucky,-,-,3,0,2,10,8.9,Madison,-,-,-,-,-,-,-,-,-,-,-,$50K-$500K,,37.72,-84.45,37.67,-84.3,1,,12,Unmodified
19550304.17.1,Summary,1955-03-04,21:30:00,3,Illinois,-,-,1,0,0,50,0.5,Union,-,-,-,-,-,-,-,-,-,-,-,-,,37.47,-89.23,-,-,1,,13,Unmodified
19550304.47.3,Summary,1955-03-04,22:54:00,3,Tennessee,-,-,2,0,4,1000,3.8,Robertson,Sumner,-,-,-,-,-,-,-,-,-,-,$50K-$500K,,36.62,-86.6,36.63,-86.52,1,,14,Unmodified
19550305.47.4,Summary,1955-03-05,15:00:00,3,Tennessee,-,-,1,0,3,100,0.5,Smith,-,-,-,-,-,-,-,-,-,-,-,$5K-$50K,,36.25,-85.95,-,-,1,,15,Unmodified
19550305.47.5,Summary,1955-03-05,19:00:00,3,Tennessee,-,-,2,0,0,10,0.1,Wilson,DeKalb,-,-,-,-,-,-,-,-,-,-,$5K-$50K,,36,-86.17,-,-,1,,16,Unmodified
19550305.47.6,Summary,1955-03-05,19:00:00,3,Tennessee,-,-,2,0,6,300,4.3,Hawkins,-,-,-,-,-,-,-,-,-,-,-,$50K-$500K,,36.47,-82.87,36.5,-82.8,1,,17,Unmodified
19550311.18.3,Summary,1955-03-11,02:00:00,3,Indiana,-,-,2,0,0,10,0.1,Randolph,-,-,-,-,-,-,-,-,-,-,-,$5K-$50K,,40.3,-85.03,-,-,1,,18,Unmodified
19550311.18.4,Summary,1955-03-11,02:00:00,3,Indiana,-,-,2,0,2,500,15.6,Randolph,-,-,-,-,-,-,-,-,-,-,-,$50K-$500K,,40.2,-84.8,40.2,-84.5,1,,19,Unmodified
19550311.18.5,Summary,1955-03-11,03:00:00,3,Indiana,-,-,2,0,3,880,34.8,Shelby,Rush,Fayette,Union,-,-,-,-,-,-,-,-,$50K-$500K,,39.67,-85.67,39.67,-85,1,,20,Unmodified
19550311.39.3,Summary,1955-03-11,04:25:00,3,Ohio,-,-,2,0,0,100,1,Columbiana,-,-,-,-,-,-,-,-,-,-,-,$50K-$500K,,40.88,-80.83,-,-,1,,21,Unmodified
19550311.39.4,Summary,1955-03-11,04:31:00,3,Ohio,-,-,2,0,1,200,3.3,Tuscarawas,-,-,-,-,-,-,-,-,-,-,-,$50K-$500K,,40.28,-81.62,40.28,-81.53,1,,22,Unmodified
19550313.45.1,Summary,1955-03-13,21:00:00,3,South Carolina,-,-,2,2,10,133,9.9,Saluda,-,-,-,-,-,-,-,-,-,-,-,$50K-$500K,,33.85,-81.67,33.88,-81.5,1,,23,Unmodified
19550314.29.1,Summary,1955-03-14,17:10:00,3,Missouri,-,-,3,0,1,250,9.8,Clinton,Caldwell,-,-,-,-,-,-,-,-,-,-,$50K-$500K,,39.65,-94.25,39.67,-94.02,1,,24,Unmodified
19550314.29.2,Summary,1955-03-14,17:40:00,3,Missouri,-,-,2,0,0,250,3.3,Clay,Ray,-,-,-,-,-,-,-,-,-,-,$5K-$50K,,39.3,-94.22,39.33,-94.17,1,,25,Unmodified
19550314.29.3,Summary,1955-03-14,18:00:00,3,Missouri,-,-,1,0,0,100,0.3,Clay,-,-,-,-,-,-,-,-,-,-,-,<$50,,39.35,-94.23,-,-,1,,26,Unmodified
19550315.21.2,Summary,1955-03-15,21:30:00,3,Kentucky,-,-,2,0,9,10,0.1,Muhlenberg,-,-,-,-,-,-,-,-,-,-,-,$50K-$500K,,37.25,-87.08,-,-,1,,27,Unmodified
19550316.37.1,Summary,1955-03-16,14:30:00,3,North Carolina,-,-,2,1,1,500,6.6,Wayne,-,-,-,-,-,-,-,-,-,-,-,$5K-$50K,,35.6,-77.97,35.65,-77.87,1,,28,Unmodified
19550319.15.1,Summary,1955-03-19,21:20:00,3,Hawaii,-,-,0,0,0,10,0.5,Hawaii,-,-,-,-,-,-,-,-,-,-,-,<$50,,19.75,-155.08,19.75,-155.08,1,,29,Unmodified
19550319.15.2,Summary,1955-03-19,21:20:00,3,Hawaii,-,-,0,0,0,10,0.1,Hawaii,-,-,-,-,-,-,-,-,-,-,-,<$50,,19.75,-155.08,19.75,-155.08,1,,30,Unmodified
19550320.48.1,Summary,1955-03-20,08:30:00,3,Texas,-,-,1,0,1,800,17.2,Montague,-,-,-,-,-,-,-,-,-,-,-,$5K-$50K,,33.73,-97.68,33.92,-97.48,1,,31,Unmodified
19550320.5.2,Summary,1955-03-20,12:30:00,3,Arkansas,-,-,2,0,0,60,12.6,Logan,-,-,-,-,-,-,-,-,-,-,-,$5K-$50K,,35.28,-93.73,35.37,-93.53,1,,32,Unmodified
19550320.48.2,Summary,1955-03-20,15:00:00,3,Texas,-,-,2,0,0,50,0.3,Navarro,-,-,-,-,-,-,-,-,-,-,-,$500-$5000,,32.08,-96.72,-,-,1,,33,Unmodified
19550320.5.3,Summary,1955-03-20,15:30:00,3,Arkansas,Missouri,-,2,0,1,250,89.4,Craighead,Mississippi,Dunklin,Pemiscot,New Madrid,-,-,-,-,-,-,-,$50K-$500K,,35.72,-90.85,36.43,-89.55,2,,34,Unmodified
19550320.5.3,State,1955-03-20,15:30:00,3,Arkansas,,,2,0,1,250,38,Craighead,Mississippi,-,-,-,-,-,-,-,-,-,-,$5K-$50K,,35.72,-90.85,36,-90.3,2,,34,Unmodified
19550320.5.3,State,1955-03-20,16:30:00,3,Missouri,,,2,0,0,250,51.4,Dunklin,Pemiscot,New Madrid,-,-,-,-,-,-,-,-,-,$50K-$500K,,36,-90.3,36.43,-89.55,2,,34,Unmodified
19550320.48.3,Summary,1955-03-20,16:15:00,3,Texas,-,-,1,0,1,20,4.1,Bell,-,-,-,-,-,-,-,-,-,-,-,-,,31.12,-97.73,31.12,-97.67,1,,35,Unmodified
19550320.29.5,Summary,1955-03-20,17:20:00,3,Missouri,-,-,3,0,17,250,3.6,Mississippi,-,-,-,-,-,-,-,-,-,-,-,$50K-$500K,,36.75,-89.37,36.8,-89.33,1,,36,Unmodified
19550320.48.4,Summary,1955-03-20,17:43:00,3,Texas,-,-,1,0,0,400,6.2,Gonzales,-,-,-,-,-,-,-,-,-,-,-,$5K-$50K,,29.37,-97.65,29.42,-97.57,1,,37,Unmodified
19550320.47.7,Summary,1955-03-20,19:20:00,3,Tennessee,-,-,1,0,2,10,0.1,Lawrence,-,-,-,-,-,-,-,-,-,-,-,$500-$5000,,35.12,-87.1,-,-,1,,38,Unmodified
19550320.48.5,Summary,1955-03-20,21:30:00,3,Texas,-,-,1,0,0,300,4.3,Harrison,-,-,-,-,-,-,-,-,-,-,-,$5K-$50K,,32.48,-94.07,32.53,-94.03,1,,39,Unmodified
19550321.28.1,Summary,1955-03-21,11:44:00,3,Mississippi,-,-,2,0,0,33,0.3,Lee,-,-,-,-,-,-,-,-,-,-,-,$50K-$500K,,34.27,-88.72,-,-,1,,40,Unmodified
19550321.1.1,Summary,1955-03-21,12:30:00,3,Alabama,-,-,2,0,1,200,5.4,Colbert,-,-,-,-,-,-,-,-,-,-,-,$5K-$50K,,34.7,-88.1,34.73,-88.02,1,,41,Unmodified
19550321.47.8,Summary,1955-03-21,14:00:00,3,Tennessee,-,-,1,0,0,10,0.1,Lawrence,-,-,-,-,-,-,-,-,-,-,-,$500-$5000,,35.17,-87.32,-,-,1,,42,Unmodified
19550321.48.6,Summary,1955-03-21,15:00:00,3,Texas,-,-,2,0,0,17,3.6,Bell,-,-,-,-,-,-,-,-,-,-,-,$500-$5000,,31.17,-97.33,31.17,-97.28,1,,43,Unmodified
19550322.18.6,Summary,1955-03-22,03:30:00,3,Indiana,-,-,1,0,0,10,3.3,Marion,-,-,-,-,-,-,-,-,-,-,-,$5K-$50K,,39.77,-86.17,39.8,-86.12,1,,44,Unmodified
19550322.39.5,Summary,1955-03-22,08:00:00,3,Ohio,-,-,1,0,3,400,5.1,Mahoning,-,-,-,-,-,-,-,-,-,-,-,-,,40.95,-80.68,41.02,-80.62,1,,45,Unmodified
19550322.42.1,Summary,1955-03-22,14:30:00,3,Pennsylvania,-,-,3,1,0,600,9.6,Chester,-,-,-,-,-,-,-,-,-,-,-,$50K-$500K,,39.97,-75.62,40.05,-75.47,1,,46,Unmodified
19550322.50.1,Summary,1955-03-22,16:00:00,3,Vermont,-,-,2,0,0,30,0.1,Bennington,-,-,-,-,-,-,-,-,-,-,-,$5K-$50K,,43,-73.2,-,-,1,,47,Unmodified
19550325.47.9,Summary,1955-03-25,16:30:00,3,Tennessee,-,-,1,0,0,300,2,Greene,-,-,-,-,-,-,-,-,-,-,-,$5K-$50K,,35.95,-83.18,-,-,1,,48,Unmodified
19550325.47.10,Summary,1955-03-25,17:30:00,3,Tennessee,-,-,2,0,0,1760,16.3,Jefferson,Hamblen,-,-,-,-,-,-,-,-,-,-,$500-$5000,,36.02,-84.42,36.2,-84.23,1,,49,Unmodified
19550331.48.7,Summary,1955-03-31,15:00:00,3,Texas,-,-,2,0,0,10,1.1,Cooke,-,-,-,-,-,-,-,-,-,-,-,$50K-$500K,,33.63,-97.17,33.65,-97.17,1,,50,Unmodified
19550402.13.1,Summary,1955-04-02,15:30:00,3,Georgia,-,-,1,0,0,50,5.2,Dodge,Laurens,-,-,-,-,-,-,-,-,-,-,$5K-$50K,,32.3,-83.08,32.28,-83,1,,51,Unmodified
19550402.13.2,Summary,1955-04-02,16:00:00,3,Georgia,-,-,1,0,0,100,5.7,Appling,-,-,-,-,-,-,-,-,-,-,-,$5K-$50K,,31.73,-82.38,31.77,-82.3,1,,52,Unmodified
19550402.13.3,Summary,1955-04-02,16:00:00,3,Georgia,-,-,2,0,0,880,3.8,Tift,-,-,-,-,-,-,-,-,-,-,-,$5K-$50K,,31.53,-83.52,31.55,-83.47,1,,53,Unmodified
19550402.13.4,Summary,1955-04-02,16:20:00,3,Georgia,-,-,1,0,1,300,4,Coffee,-,-,-,-,-,-,-,-,-,-,-,$50K-$500K,,31.63,-82.88,-,-,1,,54,Unmodified
19550402.12.2,Summary,1955-04-02,18:00:00,3,Florida,-,-,1,0,0,10,0.1,Broward,-,-,-,-,-,-,-,-,-,-,-,$50-$500,,26.05,-80.17,-,-,1,,55,Unmodified
19550402.13.5,Summary,1955-04-02,20:25:00,3,Georgia,-,-,1,0,0,200,5.1,Chatham,-,-,-,-,-,-,-,-,-,-,-,$5K-$50K,,32.03,-81.08,32.08,-81.03,1,,56,Unmodified
19550403.19.1,Summary,1955-04-03,19:00:00,3,Iowa,-,-,1,0,0,440,0.5,Page,-,-,-,-,-,-,-,-,-,-,-,$500-$5000,,40.75,-95.03,-,-,1,,57,Unmodified
19550404.22.1,Summary,1955-04-04,15:05:00,3,Louisiana,-,-,1,0,0,500,1,Beauregard,-,-,-,-,-,-,-,-,-,-,-,$5K-$50K,,30.83,-93.03,-,-,1,,58,Unmodified
19550404.19.2,Summary,1955-04-04,16:10:00,3,Iowa,-,-,2,0,0,440,11.6,Dallas,Boone,-,-,-,-,-,-,-,-,-,-,$5K-$50K,,41.77,-93.98,41.93,-93.92,1,,59,Unmodified
19550404.5.4,Summary,1955-04-04,20:00:00,3,Arkansas,-,-,2,0,0,50,10.2,Carroll,-,-,-,-,-,-,-,-,-,-,-,$5K-$50K,,36.33,-93.6,36.35,-93.42,1,,60,Unmodified
19550405.48.8,Summary,1955-04-05,06:20:00,3,Texas,-,-,2,0,6,67,43.7,Jones,Haskell,Throckmorton,-,-,-,-,-,-,-,-,-,$50K-$500K,,32.93,-99.8,33.03,-99.07,1,,61,Unmodified
19550405.48.9,Summary,1955-04-05,08:30:00,3,Texas,-,-,2,0,0,10,0.1,Clay,-,-,-,-,-,-,-,-,-,-,-,$500-$5000,,33.82,-98.18,-,-,1,,62,Unmodified
19550406.48.11,Summary,1955-04-06,02:30:00,3,Texas,-,-,3,1,27,67,30.2,Grayson,Fannin,-,-,-,-,-,-,-,-,-,-,$500K-$5M,,33.63,-96.6,33.58,-96.08,1,,63,Unmodified
19550406.48.12,Summary,1955-04-06,02:45:00,3,Texas,-,-,3,0,0,10,21.7,Jack,Clay,-,-,-,-,-,-,-,-,-,-,$50K-$500K,,33.43,-98.4,33.47,-98.03,1,,64,Unmodified
19550406.48.13,Summary,1955-04-06,04:00:00,3,Texas,-,-,1,0,2,100,0.1,Cass,-,-,-,-,-,-,-,-,-,-,-,$500-$5000,,33.17,-94.35,-,-,1,,65,Unmodified
19550406.48.14,Summary,1955-04-06,04:20:00,3,Texas,-,-,3,0,0,10,15.1,Cooke,-,-,-,-,-,-,-,-,-,-,-,$50K-$500K,,33.57,-97.22,33.63,-96.97,1,,66,Unmodified
19550406.48.15,Summary,1955-04-06,04:30:00,3,Texas,-,-,2,0,1,10,37.9,Denton,Grayson,-,-,-,-,-,-,-,-,-,-,$5K-$50K,,33.37,-97.18,33.45,-96.53,1,,67,Unmodified
19550406.48.10,Summary,1955-04-06,05:50:00,3,Texas,-,-,2,0,0,10,5.2,Grayson,-,-,-,-,-,-,-,-,-,-,-,-,,33.57,-96.9,33.62,-96.83,1,,68,Unmodified
19550406.48.16,Summary,1955-04-06,07:00:00,3,Texas,-,-,2,0,0,10,9.8,Hopkins,Franklin,-,-,-,-,-,-,-,-,-,-,-,,33.33,-95.37,33.35,-95.2,1,,69,Unmodified
19550406.45.2,Summary,1955-04-06,12:30:00,3,South Carolina,-,-,1,0,0,100,1.5,Chester,-,-,-,-,-,-,-,-,-,-,-,$500-$5000,,34.7,-80.9,-,-,1,,70,Unmodified
19550406.6.2,Summary,1955-04-06,15:30:00,3,California,-,-,0,0,0,50,1,Riverside,-,-,-,-,-,-,-,-,-,-,-,-,,34,-117.25,-,-,1,,71,Unmodified
19550410.12.3,Summary,1955-04-10,21:15:00,3,Florida,-,-,2,0,0,167,0.1,Escambia,-,-,-,-,-,-,-,-,-,-,-,$5K-$50K,,30.5,-87.25,-,-,1,,72,Unmodified
19550411.40.3,Summary,1955-04-11,21:30:00,3,Oklahoma,-,-,0,0,0,10,2,Stephens,-,-,-,-,-,-,-,-,-,-,-,$500-$5000,,34.37,-97.92,-,-,1,,73,Unmodified
19550411.40.4,Summary,1955-04-11,21:30:00,3,Oklahoma,-,-,0,0,0,10,15,Stephens,-,-,-,-,-,-,-,-,-,-,-,$500-$5000,,34,-97.87,-,-,1,,74,Unmodified
19550412.40.5,Summary,1955-04-12,02:00:00,3,Oklahoma,-,-,0,0,0,10,45.6,Pawnee,Osage,-,-,-,-,-,-,-,-,-,-,-,,36.35,-96.8,36.82,-96.22,1,,75,Unmodified
19550412.40.6,Summary,1955-04-12,02:30:00,3,Oklahoma,-,-,2,0,0,10,6.1,Pushmataha,-,-,-,-,-,-,-,-,-,-,-,-,,34.23,-95.62,34.3,-95.55,1,,76,Unmodified
19550412.48.17,Summary,1955-04-12,11:30:00,3,Texas,-,-,3,0,7,300,5.6,Anderson,-,-,-,-,-,-,-,-,-,-,-,$50K-$500K,,32.05,-95.52,32.08,-95.43,1,,77,Unmodified
19550412.48.18,Summary,1955-04-12,11:55:00,3,Texas,-,-,1,0,0,10,2.3,Houston,-,-,-,-,-,-,-,-,-,-,-,-,,31.4,-95.48,31.4,-95.47,1,,78,Unmodified
19550412.48.19,Summary,1955-04-12,12:15:00,3,Texas,-,-,2,0,0,50,0.1,Cherokee,-,-,-,-,-,-,-,-,-,-,-,$500-$5000,,31.77,-95.12,-,-,1,,79,Unmodified
19550412.8.1,Summary,1955-04-12,13:00:00,3,Colorado,-,-,1,0,0,10,0.1,Washington,-,-,-,-,-,-,-,-,-,-,-,$5K-$50K,,40.15,-102.97,-,-,1,,80,Unmodified
19550412.20.1,Summary,1955-04-12,14:00:00,3,Kansas,-,-,1,0,0,10,4.9,Hodgeman,-,-,-,-,-,-,-,-,-,-,-,$500-$5000,,38.08,-99.92,38.03,-99.98,1,,81,Unmodified
19550412.28.2,Summary,1955-04-12,18:00:00,3,Mississippi,-,-,2,0,0,10,57.6,Simpson,Smith,Jasper,-,-,-,-,-,-,-,-,-,$500-$5000,,31.92,-89.98,32.07,-89.02,1,,82,Unmodified
19550412.28.3,Summary,1955-04-12,18:30:00,3,Mississippi,-,-,2,0,0,10,112.8,Lincoln,Copiah,Simpson,Rankin,Neshoba,Winston,-,-,-,-,-,-,$50K-$500K,,31.53,-89.42,32.98,-88.83,1,,83,Unmodified
19550412.48.20,Summary,1955-04-12,19:30:00,3,Texas,-,-,0,0,0,10,0.1,Taylor,-,-,-,-,-,-,-,-,-,-,-,-,,32.48,-100.1,-,-,1,,84,Unmodified
19550413.13.6,Summary,1955-04-13,18:50:00,3,Georgia,-,-,0,0,0,200,0.1,Wayne,-,-,-,-,-,-,-,-,-,-,-,$500-$5000,,31.6,-81.88,-,-,1,,85,Unmodified
19550414.13.7,Summary,1955-04-14,04:15:00,3,Georgia,-,-,0,0,0,100,0.5,Wilcox,-,-,-,-,-,-,-,-,-,-,-,$500-$5000,,31.98,-83.47,-,-,1,,86,Unmodified
19550418.55.1,Summary,1955-04-18,01:00:00,3,Wisconsin,-,-,1,0,0,10,13.1,Crawford,-,-,-,-,-,-,-,-,-,-,-,$5K-$50K,,43.08,-91.13,43.25,-91,1,,87,Unmodified
19550418.6.3,Summary,1955-04-18,14:00:00,3,California,-,-,0,0,0,10,0.1,Merced,-,-,-,-,-,-,-,-,-,-,-,-,,37.3,-120.25,-,-,1,,88,Unmodified
19550418.55.2,Summary,1955-04-18,16:40:00,3,Wisconsin,-,-,2,0,0,67,17.3,Iowa,-,-,-,-,-,-,-,-,-,-,-,-,,42.83,-90.13,43.03,-89.92,1,,89,Unmodified
19550418.55.3,Summary,1955-04-18,17:40:00,3,Wisconsin,-,-,2,0,0,100,9.2,Dane,Green,-,-,-,-,-,-,-,-,-,-,$50K-$500K,,42.88,-89.58,42.85,-89.4,1,,90,Unmodified
19550418.17.2,Summary,1955-04-18,18:45:00,3,Illinois,-,-,2,0,0,77,9,Carroll,-,-,-,-,-,-,-,-,-,-,-,-,,42.17,-89.92,42.17,-89.73,1,,91,Unmodified
19550418.48.21,Summary,1955-04-18,18:45:00,3,Texas,-,-,3,0,0,100,8.9,Wheeler,-,-,-,-,-,-,-,-,-,-,-,$5K-$50K,,35.4,-100.1,35.5,-100,1,,92,Unmodified
19550418.55.4,Summary,1955-04-18,19:00:00,3,Wisconsin,-,-,2,0,1,10,3.3,Walworth,-,-,-,-,-,-,-,-,-,-,-,$50K-$500K,,42.75,-88.67,42.75,-88.58,1,,93,Unmodified
19550419.46.1,Summary,1955-04-19,15:00:00,3,South Dakota,-,-,2,0,0,30,0.1,Dewey,-,-,-,-,-,-,-,-,-,-,-,$500-$5000,,45.05,-101.17,-,-,1,,94,Unmodified
19550419.46.2,Summary,1955-04-19,15:00:00,3,South Dakota,-,-,0,0,2,50,7.2,Corson,-,-,-,-,-,-,-,-,-,-,-,$500-$5000,,45.47,-100.9,45.57,-100.83,1,,95,Unmodified
19550419.46.4,Summary,1955-04-19,15:00:00,3,South Dakota,-,-,1,0,0,10,4.6,Walworth,-,-,-,-,-,-,-,-,-,-,-,$50-$500,,45.33,-100.12,45.4,-100.12,1,,96,Unmodified
19550419.46.5,Summary,1955-04-19,15:00:00,3,South Dakota,-,-,2,0,0,100,2.3,Potter,-,-,-,-,-,-,-,-,-,-,-,$500-$5000,,45.93,-99.83,45.98,-99.82,1,,97,Unmodified
19550419.46.6,Summary,1955-04-19,15:00:00,3,South Dakota,-,-,2,0,0,67,10.8,Potter,-,-,-,-,-,-,-,-,-,-,-,$50-$500,,45.02,-99.93,45.17,-99.85,1,,98,Unmodified
19550419.46.3,Summary,1955-04-19,15:50:00,3,South Dakota,-,-,0,0,0,50,3.8,Corson,-,-,-,-,-,-,-,-,-,-,-,$50-$500,,45.47,-100.78,45.52,-100.85,1,,99,Unmodified
19550419.46.7,Summary,1955-04-19,16:08:00,3,South Dakota,-,-,2,0,0,27,18.2,Potter,Walworth,-,-,-,-,-,-,-,-,-,-,$500-$5000,,45.02,-100.12,45.27,-99.98,1,,100,Unmodified
19550419.19.3,Summary,1955-04-19,17:30:00,3,Iowa,-,-,2,0,0,50,15.9,Jackson,-,-,-,-,-,-,-,-,-,-,-,$500-$5000,,42.27,-90.68,42.27,-90.37,1,,101,Unmodified
19550419.46.8,Summary,1955-04-19,18:00:00,3,South Dakota,-,-,2,0,0,50,4.6,Brown,-,-,-,-,-,-,-,-,-,-,-,$50-$500,,45.5,-98.5,45.57,-98.5,1,,102,Unmodified
19550419.46.9,Summary,1955-04-19,18:05:00,3,South Dakota,-,-,2,0,0,100,8.2,Edmunds,-,-,-,-,-,-,-,-,-,-,-,-,,45.25,-99.17,45.37,-99.23,1,,103,Unmodified
19550419.27.1,Summary,1955-04-19,20:30:00,3,Minnesota,-,-,2,0,0,80,9.2,Lincoln,-,-,-,-,-,-,-,-,-,-,-,$50K-$500K,,44.28,-96.15,44.42,-96.15,1,,104,Unmodified
19550419.19.4,Summary,1955-04-19,21:00:00,3,Iowa,-,-,1,0,0,100,1.3,Clay,-,-,-,-,-,-,-,-,-,-,-,$500-$5000,,43.12,-95.15,43.15,-95.12,1,,105,Unmodified
19550421.5.5,Summary,1955-04-21,01:41:00,3,Arkansas,-,-,2,1,2,83,0.5,Jefferson,-,-,-,-,-,-,-,-,-,-,-,$5K-$50K,,34.27,-92.08,-,-,1,,106,Unmodified
19550421.1.2,Summary,1955-04-21,08:10:00,3,Alabama,-,-,2,0,1,50,1.5,Dallas,-,-,-,-,-,-,-,-,-,-,-,$5K-$50K,,32.38,-87.02,-,-,1,,107,Unmodified
19550421.28.4,Summary,1955-04-21,17:55:00,3,Mississippi,-,-,1,0,0,10,5.1,Hinds,-,-,-,-,-,-,-,-,-,-,-,-,,32.27,-90.2,32.32,-90.15,1,,108,Unmodified
19550422.29.6,Summary,1955-04-22,14:45:00,3,Missouri,-,-,1,0,0,50,0.3,Bollinger,-,-,-,-,-,-,-,-,-,-,-,$5K-$50K,,37.3,-89.98,-,-,1,,109,Unmodified
19550422.29.7,Summary,1955-04-22,16:00:00,3,Missouri,-,-,3,0,0,10,12.4,New Madrid,-,-,-,-,-,-,-,-,-,-,-,$50K-$500K,,36.67,-89.52,36.72,-89.3,1,,110,Unmodified
19550422.29.8,Summary,1955-04-22,16:00:00,3,Missouri,-,-,2,0,1,50,4.1,Cape Girardeau,-,-,-,-,-,-,-,-,-,-,-,$50K-$500K,,37.22,-89.83,37.18,-89.77,1,,111,Unmodified
19550422.5.6,Summary,1955-04-22,17:00:00,3,Arkansas,-,-,2,0,0,200,1,Randolph,-,-,-,-,-,-,-,-,-,-,-,$5K-$50K,,36.35,-90.82,-,-,1,,112,Unmodified
19550422.29.9,Summary,1955-04-22,17:10:00,3,Missouri,-,-,2,0,0,10,0.2,Scott,-,-,-,-,-,-,-,-,-,-,-,$5K-$50K,,36.87,-89.57,-,-,1,,113,Unmodified
19550422.40.7,Summary,1955-04-22,19:00:00,3,Oklahoma,-,-,1,0,2,10,0.1,Stephens,-,-,-,-,-,-,-,-,-,-,-,$500-$5000,,34.5,-97.93,-,-,1,,114,Unmodified
19550422.29.10,Summary,1955-04-22,21:00:00,3,Missouri,-,-,0,0,0,10,0.1,Mississippi,-,-,-,-,-,-,-,-,-,-,-,$50-$500,,36.78,-89.42,-,-,1,,115,Unmodified
19550422.40.8,Summary,1955-04-22,22:30:00,3,Oklahoma,-,-,2,0,0,10,0.1,Noble,-,-,-,-,-,-,-,-,-,-,-,$50-$500,,36.43,-97.3,-,-,1,,116,Unmodified
19550422.48.22,Summary,1955-04-22,23:25:00,3,Texas,-,-,0,0,0,10,0.1,Jones,-,-,-,-,-,-,-,-,-,-,-,-,,32.58,-99.67,-,-,1,,117,Unmodified
19550423.17.4,Summary,1955-04-23,02:00:00,3,Illinois,-,-,2,0,0,10,14.8,Adams,Brown,-,-,-,-,-,-,-,-,-,-,$50K-$500K,,40.05,-90.93,39.95,-90.68,1,,118,Unmodified
19550423.40.9,Summary,1955-04-23,02:30:00,3,Oklahoma,-,-,1,0,0,10,0.1,Bryan,-,-,-,-,-,-,-,-,-,-,-,$500-$5000,,33.93,-96.55,-,-,1,,119,Unmodified
19550423.40.10,Summary,1955-04-23,06:00:00,3,Oklahoma,-,-,1,0,0,10,0.1,Seminole,-,-,-,-,-,-,-,-,-,-,-,-,,35.17,-96.47,-,-,1,,120,Unmodified
19550423.19.5,Summary,1955-04-23,13:10:00,3,Iowa,-,-,2,0,0,30,1.5,Page,-,-,-,-,-,-,-,-,-,-,-,$5K-$50K,,40.63,-95.23,-,-,1,,121,Unmodified
19550423.29.11,Summary,1955-04-23,13:30:00,3,Missouri,-,-,2,0,1,100,3,Worth,-,-,-,-,-,-,-,-,-,-,-,$5K-$50K,,40.52,-94.53,40.55,-94.48,1,,122,Unmodified
19550423.29.12,Summary,1955-04-23,13:30:00,3,Missouri,-,-,2,0,0,100,2.3,Atchison,-,-,-,-,-,-,-,-,-,-,-,$5K-$50K,,40.43,-95.3,40.47,-95.3,1,,123,Unmodified
19550423.19.6,Summary,1955-04-23,16:00:00,3,Iowa,-,-,3,0,0,440,5.4,Ringgold,-,-,-,-,-,-,-,-,-,-,-,$5K-$50K,,40.72,-94.35,40.8,-94.32,1,,124,Unmodified
19550423.29.13,Summary,1955-04-23,16:15:00,3,Missouri,-,-,2,0,0,100,11,Montgomery,-,-,-,-,-,-,-,-,-,-,-,$5K-$50K,,38.97,-91.55,39.13,-91.55,1,,125,Unmodified
19550423.29.14,Summary,1955-04-23,17:30:00,3,Missouri,-,-,1,0,0,10,7.9,Lincoln,-,-,-,-,-,-,-,-,-,-,-,$5K-$50K,,39.07,-91.15,39.18,-91.12,1,,126,Unmodified
19550423.17.5,Summary,1955-04-23,19:30:00,3,Illinois,-,-,1,0,0,10,8,Hancock,-,-,-,-,-,-,-,-,-,-,-,$500-$5000,,40.6,-91.12,40.68,-91,1,,127,Unmodified
19550423.29.15,Summary,1955-04-23,20:00:00,3,Missouri,-,-,1,0,0,10,0.2,Dunklin,-,-,-,-,-,-,-,-,-,-,-,$500-$5000,,36.5,-90.15,-,-,1,,128,Unmodified
19550424.47.11,Summary,1955-04-24,00:01:00,3,Tennessee,-,-,2,0,0,10,11.5,Sumner,-,-,-,-,-,-,-,-,-,-,-,$50K-$500K,,36.42,-86.5,36.53,-86.35,1,,129,Unmodified
19550424.47.12,Summary,1955-04-24,03:30:00,3,Tennessee,-,-,1,0,0,300,5.7,Bledsoe,-,-,-,-,-,-,-,-,-,-,-,$50K-$500K,,35.77,-85.22,35.82,-85.13,1,,130,Unmodified
19550424.1.3,Summary,1955-04-24,05:45:00,3,Alabama,-,-,4,5,20,200,8.6,Morgan,-,-,-,-,-,-,-,-,-,-,-,$500K-$5M,,34.35,-87.05,34.37,-86.9,1,,131,Unmodified
19550424.21.3,Summary,1955-04-24,15:45:00,3,Kentucky,-,-,1,0,2,10,2.7,Madison,-,-,-,-,-,-,-,-,-,-,-,$5K-$50K,,37.75,-84.27,37.78,-84.23,1,,132,Unmodified
19550426.40.11,Summary,1955-04-26,01:30:00,3,Oklahoma,-,-,1,0,0,100,0.1,Pittsburg,-,-,-,-,-,-,-,-,-,-,-,$500-$5000,,34.75,-95.9,-,-,1,,133,Unmodified
19550426.29.16,Summary,1955-04-26,03:00:00,3,Missouri,-,-,1,0,0,100,1,Mercer,-,-,-,-,-,-,-,-,-,-,-,<$50,,40.32,-93.65,-,-,1,,134,Unmodified
19550426.40.12,Summary,1955-04-26,12:00:00,3,Oklahoma,-,-,1,0,0,10,0.1,Pottawatomie,-,-,-,-,-,-,-,-,-,-,-,$500-$5000,,35.3,-97,-,-,1,,135,Unmodified
19550426.40.13,Summary,1955-04-26,18:15:00,3,Oklahoma,-,-,2,0,0,10,0.1,Caddo,-,-,-,-,-,-,-,-,-,-,-,$50K-$500K,,35.08,-98.6,-,-,1,,136,Unmodified
19550426.40.14,Summary,1955-04-26,18:15:00,3,Oklahoma,-,-,0,0,0,10,0.1,Caddo,-,-,-,-,-,-,-,-,-,-,-,$50-$500,,35.13,-98.6,-,-,1,,137,Unmodified
19550426.40.15,Summary,1955-04-26,18:30:00,3,Oklahoma,-,-,2,0,0,10,2,Caddo,-,-,-,-,-,-,-,-,-,-,-,$5K-$50K,,35.2,-98.25,-,-,1,,138,Unmodified
19550427.20.2,Summary,1955-04-27,17:20:00,3,Kansas,-,-,2,0,0,100,8.7,McPherson,-,-,-,-,-,-,-,-,-,-,-,$5K-$50K,,38.38,-97.62,38.48,-97.52,1,,139,Unmodified
19550427.20.3,Summary,1955-04-27,17:30:00,3,Kansas,-,-,2,0,0,10,2,Harvey,-,-,-,-,-,-,-,-,-,-,-,$5K-$50K,,38.03,-97.68,-,-,1,,140,Unmodified
19550427.20.4,Summary,1955-04-27,17:30:00,3,Kansas,-,-,0,0,0,10,0.3,Saline,-,-,-,-,-,-,-,-,-,-,-,-,,38.8,-97.58,-,-,1,,141,Unmodified
19550427.20.5,Summary,1955-04-27,17:50:00,3,Kansas,-,-,1,0,0,200,11.1,McPherson,-,-,-,-,-,-,-,-,-,-,-,$5K-$50K,,38.38,-97.42,38.52,-97.3,1,,142,Unmodified
19550427.20.6,Summary,1955-04-27,18:00:00,3,Kansas,-,-,0,0,0,10,0.1,Harper,-,-,-,-,-,-,-,-,-,-,-,-,,37.23,-98.03,-,-,1,,143,Unmodified
19550427.27.2,Summary,1955-04-27,19:00:00,3,Minnesota,-,-,1,0,0,10,0.1,Nobles,-,-,-,-,-,-,-,-,-,-,-,$50-$500,,43.62,-95.6,-,-,1,,144,Unmodified
19550427.20.7,Summary,1955-04-27,19:00:00,3,Kansas,-,-,1,0,0,10,0.1,Dickinson,-,-,-,-,-,-,-,-,-,-,-,-,,39.03,-97.27,-,-,1,,145,Unmodified
19550427.40.16,Summary,1955-04-27,21:00:00,3,Oklahoma,-,-,1,0,1,10,0.1,Garfield,-,-,-,-,-,-,-,-,-,-,-,$500-$5000,,36.42,-98.75,-,-,1,,146,Unmodified
19550427.40.17,Summary,1955-04-27,21:00:00,3,Oklahoma,-,-,0,0,0,10,0.1,Garfield,-,-,-,-,-,-,-,-,-,-,-,$500-$5000,,36.42,-97.75,-,-,1,,147,Unmodified
19550427.31.1,Summary,1955-04-27,21:30:00,3,Nebraska,-,-,1,0,0,10,0.5,Lancaster,-,-,-,-,-,-,-,-,-,-,-,$500-$5000,,40.73,-96.78,-,-,1,,148,Unmodified
19550428.17.3,Summary,1955-04-28,21:00:00,3,Illinois,-,-,1,0,3,10,10.4,Kane,DuPage,-,-,-,-,-,-,-,-,-,-,$500K-$5M,,41.9,-88.32,41.9,-88.08,1,,149,Unmodified
19550502.31.2,Summary,1955-05-02,20:00:00,3,Nebraska,-,-,1,0,0,50,0.1,Dawson,-,-,-,-,-,-,-,-,-,-,-,-,,40.83,-99.7,-,-,1,,150,Unmodified
19550502.31.3,Summary,1955-05-02,23:00:00,3,Nebraska,-,-,2,0,0,10,0.1,Custer,-,-,-,-,-,-,-,-,-,-,-,-,,41.38,-99.63,-,-,1,,151,Unmodified
19550503.55.5,Summary,1955-05-03,18:00:00,3,Wisconsin,-,-,3,0,2,10,6.8,Lincoln,-,-,-,-,-,-,-,-,-,-,-,$50K-$500K,,45.33,-89.72,45.38,-89.58,1,,152,Unmodified
19550505.37.2,Summary,1955-05-05,17:00:00,3,North Carolina,-,-,1,0,0,10,0.1,Perquimans,-,-,-,-,-,-,-,-,-,-,-,$5K-$50K,,36.27,-76.4,-,-,1,,153,Unmodified
19550505.48.23,Summary,1955-05-05,19:00:00,3,Texas,-,-,2,0,1,10,0.1,Reeves,-,-,-,-,-,-,-,-,-,-,-,-,,31.42,-103.53,-,-,1,,154,Unmodified
19550506.19.7,Summary,1955-05-06,16:15:00,3,Iowa,-,-,2,0,0,200,15.5,Shelby,-,-,-,-,-,-,-,-,-,-,-,$5K-$50K,,41.65,-95.32,41.8,-95.08,1,,155,Unmodified
19550506.20.8,Summary,1955-05-06,17:00:00,3,Kansas,-,-,1,0,0,10,0.1,Barton,-,-,-,-,-,-,-,-,-,-,-,$500-$5000,,38.33,-99.03,-,-,1,,156,Unmodified
19550506.48.24,Summary,1955-05-06,18:15:00,3,Texas,-,-,2,1,1,33,10.1,Bell,-,-,-,-,-,-,-,-,-,-,-,$50K-$500K,,31.1,-97.35,30.98,-97.25,1,,157,Unmodified
19550506.48.25,Summary,1955-05-06,18:30:00,3,Texas,-,-,0,0,0,10,0.1,McCulloch,-,-,-,-,-,-,-,-,-,-,-,-,,31.05,-99.47,-,-,1,,158,Unmodified
19550506.48.26,Summary,1955-05-06,19:30:00,3,Texas,-,-,2,0,0,100,4.9,Milam,-,-,-,-,-,-,-,-,-,-,-,$50K-$500K,,30.78,-97.27,30.73,-97.22,1,,159,Unmodified
19550508.48.27,Summary,1955-05-08,15:15:00,3,Texas,-,-,1,0,0,17,1,Mitchell,-,-,-,-,-,-,-,-,-,-,-,$500-$5000,,32.4,-100.9,-,-,1,,160,Unmodified
19550508.13.8,Summary,1955-05-08,16:00:00,3,Georgia,-,-,0,0,0,17,0.2,Thomas,-,-,-,-,-,-,-,-,-,-,-,$500-$5000,,30.83,-83.98,-,-,1,,161,Unmodified
19550508.40.18,Summary,1955-05-08,21:00:00,3,Oklahoma,-,-,1,0,0,10,16.3,Jackson,-,-,-,-,-,-,-,-,-,-,-,$500-$5000,,34.65,-99.58,34.77,-99.33,1,,162,Unmodified
19550509.8.2,Summary,1955-05-09,13:00:00,3,Colorado,-,-,1,0,0,100,0.1,Weld,-,-,-,-,-,-,-,-,-,-,-,$50-$500,,40.2,-104.82,-,-,1,,163,Unmodified
19550510.48.28,Summary,1955-05-10,16:30:00,3,Texas,-,-,0,0,0,10,0.1,Howard,-,-,-,-,-,-,-,-,-,-,-,-,,32.27,-101.5,-,-,1,,164,Unmodified
19550510.48.29,Summary,1955-05-10,16:30:00,3,Texas,-,-,0,0,0,10,0.1,Howard,-,-,-,-,-,-,-,-,-,-,-,-,,32.27,-101.5,-,-,1,,165,Unmodified
19550510.48.30,Summary,1955-05-10,16:30:00,3,Texas,-,-,0,0,0,10,0.1,Howard,-,-,-,-,-,-,-,-,-,-,-,-,,32.27,-101.5,-,-,1,,166,Unmodified
19550510.5.7,Summary,1955-05-10,16:50:00,3,Arkansas,-,-,2,0,0,440,4.7,Mississippi,-,-,-,-,-,-,-,-,-,-,-,$50K-$500K,,35.92,-89.93,35.92,-89.85,1,,167,Unmodified
19550510.5.8,Summary,1955-05-10,17:00:00,3,Arkansas,-,-,1,0,0,27,10,Johnson,-,-,-,-,-,-,-,-,-,-,-,-,,35.45,-93.48,-,-,1,,168,Unmodified
19550510.48.33,Summary,1955-05-10,18:00:00,3,Texas,-,-,0,0,0,10,0.1,Hockley,-,-,-,-,-,-,-,-,-,-,-,-,,33.43,-102.5,33.43,-102.5,1,,171,Unmodified
19550510.48.31,Summary,1955-05-10,18:00:00,3,Texas,-,-,1,0,0,10,0.1,Lamb,-,-,-,-,-,-,-,-,-,-,-,$50-$500,,34.07,-102.58,-,-,1,,169,Unmodified
19550510.48.32,Summary,1955-05-10,18:00:00,3,Texas,-,-,0,0,0,10,3.8,Lubbock,-,-,-,-,-,-,-,-,-,-,-,<$50,,33.55,-101.92,33.58,-101.87,1,,170,Unmodified
19550511.40.19,Summary,1955-05-11,10:15:00,3,Oklahoma,-,-,0,0,0,10,0.1,Kiowa,-,-,-,-,-,-,-,-,-,-,-,-,,35,-99.08,-,-,1,,172,Unmodified
19550511.48.34,Summary,1955-05-11,10:30:00,3,Texas,-,-,1,0,0,10,1,Nueces,-,-,-,-,-,-,-,-,-,-,-,-,,27.78,-97.67,-,-,1,,173,Unmodified
19550511.48.35,Summary,1955-05-11,10:30:00,3,Texas,-,-,0,0,0,10,0.5,Nueces,-,-,-,-,-,-,-,-,-,-,-,-,,27.78,-97.67,-,-,1,,174,Unmodified
19550511.20.9,Summary,1955-05-11,14:20:00,3,Kansas,-,-,0,0,0,10,0.1,Montgomery,-,-,-,-,-,-,-,-,-,-,-,-,,37.23,-95.7,-,-,1,,175,Unmodified
19550511.40.20,Summary,1955-05-11,15:00:00,3,Oklahoma,-,-,0,0,0,10,0.1,Jackson,-,-,-,-,-,-,-,-,-,-,-,-,,34.67,-99.25,-,-,1,,176,Unmodified
19550511.40.21,Summary,1955-05-11,16:10:00,3,Oklahoma,-,-,0,0,0,10,0.1,Oklahoma,-,-,-,-,-,-,-,-,-,-,-,-,,35.5,-97.67,-,-,1,,177,Unmodified
19550511.48.36,Summary,1955-05-11,16:15:00,3,Texas,-,-,1,0,0,10,17.5,Eastland,-,-,-,-,-,-,-,-,-,-,-,$50K-$500K,,32.38,-98.98,32.47,-98.7,1,,178,Unmodified
19550511.48.37,Summary,1955-05-11,18:00:00,3,Texas,-,-,2,0,0,10,0.1,Navarro,-,-,-,-,-,-,-,-,-,-,-,-,,32.1,-96.5,-,-,1,,179,Unmodified
19550511.20.10,Summary,1955-05-11,18:43:00,3,Kansas,-,-,2,0,0,10,0.1,Crawford,-,-,-,-,-,-,-,-,-,-,-,$5K-$50K,,37.45,-94.77,-,-,1,,180,Unmodified
19550512.47.13,Summary,1955-05-12,16:30:00,3,Tennessee,-,-,1,0,1,300,9.4,Putnam,Overton,-,-,-,-,-,-,-,-,-,-,$5K-$50K,,36.22,-85.5,36.3,-85.37,1,,181,Unmodified
19550512.8.3,Summary,1955-05-12,17:30:00,3,Colorado,-,-,1,0,0,150,0.1,Boulder,-,-,-,-,-,-,-,-,-,-,-,$500-$5000,,40.17,-105.1,-,-,1,,182,Unmodified
19550512.47.14,Summary,1955-05-12,17:58:00,3,Tennessee,-,-,1,0,0,20,0.3,Rutherford,-,-,-,-,-,-,-,-,-,-,-,$5K-$50K,,35.83,-86.38,-,-,1,,183,Unmodified
19550515.8.5,Summary,1955-05-15,01:00:00,3,Colorado,-,-,0,0,0,10,0.1,Cheyenne,-,-,-,-,-,-,-,-,-,-,-,-,,38.9,-102.5,-,-,1,,185,Unmodified
19550515.8.4,Summary,1955-05-15,01:00:00,3,Colorado,-,-,1,0,0,10,0.1,Kit Carson,-,-,-,-,-,-,-,-,-,-,-,$5K-$50K,,39.1,-102.75,-,-,1,,184,Unmodified
19550515.48.39,Summary,1955-05-15,15:00:00,3,Texas,-,-,0,0,0,10,0.1,Guadalupe,-,-,-,-,-,-,-,-,-,-,-,-,,29.6,-97.87,-,-,1,,186,Unmodified
19550515.48.38,Summary,1955-05-15,19:30:00,3,Texas,-,-,0,0,0,10,0.1,Bexar,-,-,-,-,-,-,-,-,-,-,-,-,,29.5,-98.5,-,-,1,,187,Unmodified
19550516.48.41,Summary,1955-05-16,15:00:00,3,Texas,-,-,1,0,0,17,4.9,Garza,-,-,-,-,-,-,-,-,-,-,-,-,,33.05,-101.2,33.03,-101.12,1,,188,Unmodified
19550516.48.40,Summary,1955-05-16,16:20:00,3,Texas,-,-,1,0,0,10,10.5,Scurry,-,-,-,-,-,-,-,-,-,-,-,-,,32.73,-100.88,32.83,-100.75,1,,189,Unmodified
19550517.48.43,Summary,1955-05-17,15:00:00,3,Texas,-,-,1,0,0,10,0.1,Hardeman,-,-,-,-,-,-,-,-,-,-,-,-,,34.2,-99.5,-,-,1,,190,Unmodified
19550517.48.42,Summary,1955-05-17,23:30:00,3,Texas,-,-,1,0,0,10,0.1,Montgomery,-,-,-,-,-,-,-,-,-,-,-,-,,31.72,-99.93,-,-,1,,191,Unmodified
19550518.48.44,Summary,1955-05-18,05:30:00,3,Texas,-,-,2,0,0,10,2.5,Matagorda,-,-,-,-,-,-,-,-,-,-,-,$5K-$50K,,28.7,-96.23,-,-,1,,192,Unmodified
19550518.48.45,Summary,1955-05-18,09:35:00,3,Texas,-,-,0,0,0,10,0.1,Karnes,-,-,-,-,-,-,-,-,-,-,-,-,,28.82,-98.12,-,-,1,,193,Unmodified
19550518.48.46,Summary,1955-05-18,12:28:00,3,Texas,-,-,1,0,0,600,0.1,Hockley,-,-,-,-,-,-,-,-,-,-,-,-,,33.62,-102.4,-,-,1,,194,Unmodified
19550518.35.1,Summary,1955-05-18,13:35:00,3,New Mexico,-,-,1,0,0,20,0.3,Curry,-,-,-,-,-,-,-,-,-,-,-,$500-$5000,,34.43,-103.62,-,-,1,,195,Unmodified
19550518.48.48,Summary,1955-05-18,15:00:00,3,Texas,-,-,1,0,0,10,0.1,Bailey,-,-,-,-,-,-,-,-,-,-,-,-,,34.27,-102.95,-,-,1,,196,Unmodified
19550518.48.47,Summary,1955-05-18,18:00:00,3,Texas,-,-,2,0,0,300,20.7,Lavaca,-,-,-,-,-,-,-,-,-,-,-,$5K-$50K,,29.57,-97.17,29.33,-96.95,1,,197,Unmodified
19550519.48.49,Summary,1955-05-19,05:00:00,3,Texas,-,-,2,0,0,50,2,Lavaca,-,-,-,-,-,-,-,-,-,-,-,$5K-$50K,,29.45,-96.95,-,-,1,,198,Unmodified
19550519.40.22,Summary,1955-05-19,14:59:00,3,Oklahoma,-,-,0,0,0,10,0.1,Oklahoma,-,-,-,-,-,-,-,-,-,-,-,-,,35.38,-97.57,-,-,1,,199,Unmodified
19550519.48.51,Summary,1955-05-19,15:00:00,3,Texas,-,-,2,0,0,67,0.5,Angelina,-,-,-,-,-,-,-,-,-,-,-,$500-$5000,,31.18,-94.8,-,-,1,,200,Unmodified
19550519.48.52,Summary,1955-05-19,15:00:00,3,Texas,-,-,1,0,0,33,31.7,King,Knox,-,-,-,-,-,-,-,-,-,-,-,,33.62,-100.33,33.58,-99.78,1,,201,Unmodified
19550519.48.50,Summary,1955-05-19,15:50:00,3,Texas,-,-,0,0,0,10,0.1,Falls,-,-,-,-,-,-,-,-,-,-,-,-,,31.35,-96.65,-,-,1,,202,Unmodified
19550520.5.9,Summary,1955-05-20,13:00:00,3,Arkansas,-,-,1,0,0,80,4.3,Woodruff,-,-,-,-,-,-,-,-,-,-,-,$500-$5000,,35.23,-91.25,35.25,-91.18,1,,203,Unmodified
19550521.13.9,Summary,1955-05-21,13:30:00,3,Georgia,-,-,1,0,2,400,20.4,Bibb,Jones,-,-,-,-,-,-,-,-,-,-,$500K-$5M,,32.8,-83.82,32.88,-83.48,1,,204,Unmodified
19550522.13.10,Summary,1955-05-22,07:30:00,3,Georgia,-,-,0,0,0,33,1,Floyd,-,-,-,-,-,-,-,-,-,-,-,$500-$5000,,34.25,-85.18,-,-,1,,205,Unmodified
19550522.48.56,Summary,1955-05-22,15:00:00,3,Texas,-,-,2,0,0,10,0.1,Lubbock,-,-,-,-,-,-,-,-,-,-,-,-,,33.8,-101.58,-,-,1,,206,Unmodified
19550522.48.53,Summary,1955-05-22,19:00:00,3,Texas,-,-,1,0,0,33,0.1,Howard,-,-,-,-,-,-,-,-,-,-,-,$500-$5000,,33.37,-101.57,33.37,-101.57,1,,207,Unmodified
19550522.48.54,Summary,1955-05-22,20:00:00,3,Texas,-,-,2,0,0,400,20.7,Hale,-,-,-,-,-,-,-,-,-,-,-,$500-$5000,,33.83,-101.83,33.67,-101.53,1,,208,Unmodified
19550522.48.55,Summary,1955-05-22,20:20:00,3,Texas,-,-,0,0,0,10,1.5,Hutchinson,-,-,-,-,-,-,-,-,-,-,-,-,,36,-101.2,-,-,1,,209,Unmodified
19550522.40.23,Summary,1955-05-22,21:00:00,3,Oklahoma,-,-,0,0,0,10,0.1,Beaver,-,-,-,-,-,-,-,-,-,-,-,$50-$500,,36.62,-100.7,-,-,1,,210,Unmodified
19550523.48.57,Summary,1955-05-23,07:00:00,3,Texas,-,-,2,0,0,10,0.5,Wharton,-,-,-,-,-,-,-,-,-,-,-,-,,29.32,-96.08,-,-,1,,211,Unmodified
19550523.22.2,Summary,1955-05-23,13:00:00,3,Louisiana,-,-,2,0,0,400,4.1,Bienville,-,-,-,-,-,-,-,-,-,-,-,$5K-$50K,,32.25,-93,32.28,-92.95,1,,212,Unmodified
19550524.13.11,Summary,1955-05-24,16:13:00,3,Georgia,-,-,1,0,0,300,5.4,Cobb,-,-,-,-,-,-,-,-,-,-,-,$50K-$500K,,33.93,-84.58,33.97,-84.5,1,,213,Unmodified
19550524.13.12,Summary,1955-05-24,19:30:00,3,Georgia,-,-,0,3,0,50,1,McDuffie,-,-,-,-,-,-,-,-,-,-,-,$500-$5000,,33.45,-82.52,-,-,1,,214,Unmodified
19550525.40.24,Summary,1955-05-25,05:00:00,3,Oklahoma,-,-,0,0,0,10,0.1,Jackson,-,-,-,-,-,-,-,-,-,-,-,$50-$500,,34.67,-99.3,-,-,1,,215,Unmodified
19550525.48.58,Summary,1955-05-25,15:17:00,3,Texas,Oklahoma,-,4,2,18,1100,45.1,Collingsworth,Wheeler,Roger Mills,-,-,-,-,-,-,-,-,-,$50K-$500K,,35,-100.22,35.5,-99.82,2,,216,Unmodified
19550525.48.58,State,1955-05-25,15:17:00,3,Texas,,,4,0,10,1100,34.5,Collingsworth,Wheeler,-,-,-,-,-,-,-,-,-,-,$5K-$50K,,35,-100.22,35.47,-100,2,,216,Unmodified
19550525.48.58,State,1955-05-25,17:00:00,3,Oklahoma,,,4,2,8,1100,10.6,Roger Mills,-,-,-,-,-,-,-,-,-,-,-,$50K-$500K,,35.47,-100,35.5,-99.82,2,,216,Unmodified
19550525.40.25,Summary,1955-05-25,18:00:00,3,Oklahoma,-,-,1,0,0,400,4.9,Ellis,-,-,-,-,-,-,-,-,-,-,-,$500-$5000,,36.25,-99.87,36.32,-99.83,1,,217,Unmodified
19550525.40.26,Summary,1955-05-25,18:00:00,3,Oklahoma,-,-,1,0,0,10,0.1,Grady,-,-,-,-,-,-,-,-,-,-,-,$500-$5000,,34.8,-97.92,-,-,1,,218,Unmodified
19550525.48.59,Summary,1955-05-25,18:00:00,3,Texas,-,-,0,0,0,440,0.1,Sterling,-,-,-,-,-,-,-,-,-,-,-,-,,31.83,-100.98,-,-,1,,219,Unmodified
19550525.40.28,Summary,1955-05-25,18:05:00,3,Oklahoma,-,-,0,0,0,300,3.8,Beckham,-,-,-,-,-,-,-,-,-,-,-,$50-$500,,35.35,-99.87,35.38,-99.82,1,,220,Unmodified
19550525.40.29,Summary,1955-05-25,19:00:00,3,Oklahoma,-,-,1,0,0,10,0.1,Kingfisher,-,-,-,-,-,-,-,-,-,-,-,$500-$5000,,35.87,-97.9,-,-,1,,221,Unmodified
19550525.20.11,Summary,1955-05-25,19:40:00,3,Kansas,-,-,1,0,1,10,0.1,Ellis,-,-,-,-,-,-,-,-,-,-,-,$500-$5000,,38.8,-99.42,-,-,1,,222,Unmodified
19550525.40.30,Summary,1955-05-25,20:30:00,3,Oklahoma,-,-,2,0,1,300,5.1,Dewey,-,-,-,-,-,-,-,-,-,-,-,$5K-$50K,,36.02,-99.3,36.07,-99.23,1,,223,Unmodified
19550525.40.31,Summary,1955-05-25,21:00:00,3,Oklahoma,-,-,3,0,1,440,13.3,Grant,-,-,-,-,-,-,-,-,-,-,-,$5K-$50K,,36.7,-97.62,36.85,-97.47,1,,224,Unmodified
19550525.40.32,Summary,1955-05-25,21:00:00,3,Oklahoma,-,-,2,0,0,500,2.7,Kay,-,-,-,-,-,-,-,-,-,-,-,$50K-$500K,,36.7,-97.3,36.73,-97.27,1,,225,Unmodified
19550525.40.33,Summary,1955-05-25,21:26:00,3,Oklahoma,Kansas,-,5,20,280,500,28.4,Kay,Sumner,-,-,-,-,-,-,-,-,-,-,$5M-$50M,,36.72,-97.28,37,-97.4,2,,226,Unmodified
19550525.40.33,State,1955-05-25,21:26:00,3,Oklahoma,,,5,20,280,500,19.6,Kay,-,-,-,-,-,-,-,-,-,-,-,$5M-$50M,,36.72,-97.28,37,-97.25,2,,226,Unmodified
19550525.40.33,State,1955-05-25,22:00:00,3,Kansas,,,5,0,0,500,8.8,Sumner,-,-,-,-,-,-,-,-,-,-,-,$50K-$500K,,37,-97.25,37.05,-97.4,2,,226,Unmodified
19550525.40.34,Summary,1955-05-25,22:00:00,3,Oklahoma,Kansas,-,5,80,273,1320,56.4,Kay,Sumner,Cowley,-,-,-,-,-,-,-,-,-,$50K-$500K,,36.88,-97.15,37.45,-96.75,2,,227,Unmodified
19550525.40.34,State,1955-05-25,22:00:00,3,Oklahoma,,,5,0,0,1320,8,Kay,-,-,-,-,-,-,-,-,-,-,-,$50K-$500K,,36.88,-97.15,37,-97.15,2,,227,Unmodified
19550525.40.34,State,1955-05-25,22:15:00,3,Kansas,,,5,80,273,1320,48.4,Sumner,Cowley,-,-,-,-,-,-,-,-,-,-,$50K-$500K,,37,-97.25,37.45,-96.75,2,,227,Unmodified
19550525.48.60,Summary,1955-05-25,22:30:00,3,Texas,-,-,1,0,0,440,0.3,Fisher,-,-,-,-,-,-,-,-,-,-,-,$500-$5000,,32.85,-100.45,-,-,1,,228,Unmodified
19550525.40.35,Summary,1955-05-25,23:00:00,3,Oklahoma,-,-,1,0,0,300,6.2,Jackson,-,-,-,-,-,-,-,-,-,-,-,$5K-$50K,,34.7,-99.5,34.77,-99.43,1,,229,Unmodified
19550525.48.61,Summary,1955-05-25,23:30:00,3,Texas,-,-,2,0,0,300,11.9,Knox,-,-,-,-,-,-,-,-,-,-,-,$500-$5000,,33.42,-99.97,33.55,-99.83,1,,230,Unmodified
19550526.20.14,Summary,1955-05-26,00:27:00,3,Kansas,-,-,2,0,0,10,66.2,Osage,Douglas,Leavenworth,-,-,-,-,-,-,-,-,-,$50K-$500K,,38.63,-95.78,39.32,-94.92,1,,231,Unmodified
19550526.48.62,Summary,1955-05-26,01:38:00,3,Texas,-,-,2,0,0,33,1.3,Wichita,-,-,-,-,-,-,-,-,-,-,-,$5K-$50K,,33.92,-98.5,33.92,-98.48,1,,232,Unmodified
19550526.40.36,Summary,1955-05-26,02:30:00,3,Oklahoma,-,-,0,0,0,10,0.1,Stephens,-,-,-,-,-,-,-,-,-,-,-,$5K-$50K,,34.45,-97.67,-,-,1,,233,Unmodified
19550526.40.37,Summary,1955-05-26,02:30:00,3,Oklahoma,-,-,1,0,0,10,0.1,Grady,-,-,-,-,-,-,-,-,-,-,-,$5K-$50K,,35.07,-97.93,-,-,1,,234,Unmodified
19550526.40.38,Summary,1955-05-26,03:00:00,3,Oklahoma,-,-,1,0,0,50,0.5,Oklahoma,-,-,-,-,-,-,-,-,-,-,-,$5K-$50K,,35.42,-97.5,-,-,1,,235,Unmodified
19550526.40.39,Summary,1955-05-26,03:00:00,3,Oklahoma,-,-,1,0,0,70,11.6,Cleveland,-,-,-,-,-,-,-,-,-,-,-,$50-$500,,35.25,-97.5,35.37,-97.35,1,,236,Unmodified
19550526.40.40,Summary,1955-05-26,03:30:00,3,Oklahoma,-,-,0,0,0,10,0.1,Pottawatomie,-,-,-,-,-,-,-,-,-,-,-,-,,35.33,-97,-,-,1,,237,Unmodified
19550526.40.41,Summary,1955-05-26,04:00:00,3,Oklahoma,-,-,0,0,0,10,0.1,Payne,-,-,-,-,-,-,-,-,-,-,-,-,,35.98,-96.77,-,-,1,,238,Unmodified
19550526.40.42,Summary,1955-05-26,05:20:00,3,Oklahoma,-,-,0,0,0,50,4.5,Bryan,-,-,-,-,-,-,-,-,-,-,-,$5K-$50K,,34,-96.38,34.05,-96.33,1,,239,Unmodified
19550526.40.43,Summary,1955-05-26,06:45:00,3,Oklahoma,-,-,1,0,2,400,14.2,Sequoyah,-,-,-,-,-,-,-,-,-,-,-,$500-$5000,,35.45,-94.8,35.62,-94.65,1,,240,Unmodified
19550526.29.17,Summary,1955-05-26,07:00:00,3,Missouri,-,-,1,0,0,50,2.7,Jasper,-,-,-,-,-,-,-,-,-,-,-,<$50,,37.08,-94.55,37.12,-94.52,1,,241,Unmodified
19550526.48.63,Summary,1955-05-26,08:30:00,3,Texas,-,-,0,0,0,10,0.1,Navarro,-,-,-,-,-,-,-,-,-,-,-,-,,32.08,-96.47,-,-,1,,242,Unmodified
19550526.29.18,Summary,1955-05-26,09:45:00,3,Missouri,-,-,1,0,0,10,0.2,Moniteau,-,-,-,-,-,-,-,-,-,-,-,$500-$5000,,38.65,-92.68,-,-,1,,243,Unmodified
19550526.17.6,Summary,1955-05-26,11:50:00,3,Illinois,-,-,2,0,0,500,1.5,Adams,-,-,-,-,-,-,-,-,-,-,-,$5K-$50K,,40.03,-91.15,-,-,1,,244,Unmodified
19550526.20.15,Summary,1955-05-26,13:00:00,3,Kansas,-,-,0,0,0,10,0.1,McPherson,-,-,-,-,-,-,-,-,-,-,-,-,,38.4,-97.65,-,-,1,,245,Unmodified
19550526.17.7,Summary,1955-05-26,14:49:00,3,Illinois,-,-,2,0,1,100,1.5,Tazewell,-,-,-,-,-,-,-,-,-,-,-,$50K-$500K,,40.55,-89.62,-,-,1,,246,Unmodified
19550526.17.8,Summary,1955-05-26,16:00:00,3,Illinois,-,-,1,0,2,100,1.5,Cook,-,-,-,-,-,-,-,-,-,-,-,$50K-$500K,,41.75,-87.75,-,-,1,,247,Unmodified
19550526.17.9,Summary,1955-05-26,16:30:00,3,Illinois,-,-,1,0,0,400,18.7,Kankakee,Will,-,-,-,-,-,-,-,-,-,-,$50K-$500K,,41.22,-87.98,41.35,-87.67,1,,248,Unmodified
19550526.5.10,Summary,1955-05-26,16:45:00,3,Arkansas,-,-,3,0,3,1000,28.8,Garland,Saline,-,-,-,-,-,-,-,-,-,-,$50K-$500K,,34.7,-93.07,34.87,-92.6,1,,249,Unmodified
19550526.31.4,Summary,1955-05-26,17:00:00,3,Nebraska,-,-,1,0,0,17,4.3,Dakota,-,-,-,-,-,-,-,-,-,-,-,-,,42.32,-96.5,42.38,-96.55,1,,250,Unmodified
19550526.5.11,Summary,1955-05-26,17:20:00,3,Arkansas,-,-,2,0,0,880,4.5,Perry,-,-,-,-,-,-,-,-,-,-,-,$5K-$50K,,34.95,-92.63,34.98,-92.57,1,,251,Unmodified
19550526.31.5,Summary,1955-05-26,17:30:00,3,Nebraska,-,-,2,0,0,167,6.5,Wayne,-,-,-,-,-,-,-,-,-,-,-,$5K-$50K,,42.23,-97,42.32,-96.92,1,,252,Unmodified
19550526.20.16,Summary,1955-05-26,17:30:00,3,Kansas,-,-,2,0,1,220,7.8,Doniphan,-,-,-,-,-,-,-,-,-,-,-,$5K-$50K,,39.68,-94.98,39.77,-94.88,1,,253,Unmodified
19550526.29.19,Summary,1955-05-26,18:00:00,3,Missouri,-,-,0,0,1,10,0.2,Carroll,-,-,-,-,-,-,-,-,-,-,-,$5K-$50K,,39.33,-93.67,-,-,1,,254,Unmodified
19550526.20.17,Summary,1955-05-26,18:30:00,3,Kansas,-,-,0,0,0,10,0.1,Bourbon,-,-,-,-,-,-,-,-,-,-,-,-,,37.83,-94.88,-,-,1,,255,Unmodified
19550526.20.18,Summary,1955-05-26,19:00:00,3,Kansas,-,-,0,0,0,10,0.1,Cherokee,-,-,-,-,-,-,-,-,-,-,-,-,,37.03,-94.75,-,-,1,,256,Unmodified
19550526.29.20,Summary,1955-05-26,19:00:00,3,Missouri,-,-,1,0,0,10,2,Howell,-,-,-,-,-,-,-,-,-,-,-,$50-$500,,36.55,-91.7,-,-,1,,257,Unmodified
19550526.29.21,Summary,1955-05-26,19:00:00,3,Missouri,-,-,1,0,0,10,0.2,Linn,-,-,-,-,-,-,-,-,-,-,-,$500-$5000,,39.83,-93.22,-,-,1,,258,Unmodified
19550526.29.23,Summary,1955-05-26,20:00:00,3,Missouri,-,-,2,0,2,27,11.7,Schuyler,-,-,-,-,-,-,-,-,-,-,-,$5K-$50K,,40.43,-92.68,40.6,-92.62,1,,260,Unmodified
19550526.5.12,Summary,1955-05-26,20:20:00,3,Arkansas,-,-,2,0,7,10,7.5,Woodruff,Jackson,-,-,-,-,-,-,-,-,-,-,$50K-$500K,,35.38,-91.33,35.45,-91.23,1,,261,Unmodified
19550527.20.19,Summary,1955-05-27,14:30:00,3,Kansas,-,-,0,0,0,10,8,Phillips,-,-,-,-,-,-,-,-,-,-,-,-,,39.73,-99.22,39.85,-99.22,1,,262,Unmodified
19550527.29.24,Summary,1955-05-27,15:00:00,3,Missouri,-,-,1,0,0,10,0.2,Lincoln,-,-,-,-,-,-,-,-,-,-,-,<$50,,39.12,-90.72,-,-,1,,263,Unmodified
19550527.20.20,Summary,1955-05-27,18:27:00,3,Kansas,-,-,0,0,0,10,0.1,Ford,-,-,-,-,-,-,-,-,-,-,-,-,,37.68,-100.05,-,-,1,,264,Unmodified
19550527.20.21,Summary,1955-05-27,18:30:00,3,Kansas,-,-,2,0,0,10,27,Anderson,Franklin,Miami,Johnson,-,-,-,-,-,-,-,-,-,,38.22,-95.13,38.48,-94.77,1,,265,Unmodified
19550527.20.22,Summary,1955-05-27,19:15:00,3,Kansas,-,-,0,0,0,10,0.1,Ford,-,-,-,-,-,-,-,-,-,-,-,$5K-$50K,,37.55,-99.63,-,-,1,,266,Unmodified
19550527.20.23,Summary,1955-05-27,19:15:00,3,Kansas,-,-,0,0,0,10,0.1,Ford,-,-,-,-,-,-,-,-,-,-,-,-,,37.57,-99.65,-,-,1,,267,Unmodified
19550527.20.24,Summary,1955-05-27,20:25:00,3,Kansas,-,-,1,0,0,10,0.1,Kingman,-,-,-,-,-,-,-,-,-,-,-,$5K-$50K,,37.65,-98.13,-,-,1,,268,Unmodified
19550527.20.25,Summary,1955-05-27,20:30:00,3,Kansas,-,-,1,0,0,10,0.1,Harper,-,-,-,-,-,-,-,-,-,-,-,-,,37.23,-98.22,-,-,1,,269,Unmodified
19550527.20.26,Summary,1955-05-27,20:40:00,3,Kansas,-,-,0,0,0,10,0.1,Pottawatomie,-,-,-,-,-,-,-,-,-,-,-,-,,39.43,-96.58,-,-,1,,270,Unmodified
19550527.29.25,Summary,1955-05-27,21:00:00,3,Missouri,-,-,1,0,0,10,0.2,Cass,-,-,-,-,-,-,-,-,-,-,-,$500-$5000,,38.73,-94.4,-,-,1,,271,Unmodified
19550527.40.44,Summary,1955-05-27,21:00:00,3,Oklahoma,-,-,0,0,0,400,0.1,Grant,-,-,-,-,-,-,-,-,-,-,-,$50-$500,,36.93,-97.93,-,-,1,,272,Unmodified
19550527.20.30,Summary,1955-05-27,21:15:00,3,Kansas,-,-,0,0,0,10,0.1,Sedgwick,-,-,-,-,-,-,-,-,-,-,-,-,,37.75,-97.42,-,-,1,,276,Unmodified
19550527.20.31,Summary,1955-05-27,21:15:00,3,Kansas,-,-,0,0,0,10,0.1,Sedgwick,-,-,-,-,-,-,-,-,-,-,-,-,,37.73,-97.4,-,-,1,,277,Unmodified
19550527.20.36,Summary,1955-05-27,21:15:00,3,Kansas,-,-,0,0,0,10,0.1,Cowley,-,-,-,-,-,-,-,-,-,-,-,-,,37.27,-96.82,-,-,1,,282,Unmodified
19550527.20.37,Summary,1955-05-27,21:15:00,3,Kansas,-,-,0,0,0,10,0.1,Cowley,-,-,-,-,-,-,-,-,-,-,-,-,,37.25,-96.8,-,-,1,,283,Unmodified
19550527.40.45,Summary,1955-05-27,21:15:00,3,Oklahoma,-,-,1,0,0,300,22.4,Grant,Kay,-,-,-,-,-,-,-,-,-,-,$500-$5000,,36.75,-97.55,36.98,-97.27,1,,284,Unmodified
19550527.20.35,Summary,1955-05-27,21:15:00,3,Kansas,-,-,0,0,0,10,0.1,Butler,-,-,-,-,-,-,-,-,-,-,-,-,,37.67,-96.83,-,-,1,,281,Unmodified
19550527.20.34,Summary,1955-05-27,21:15:00,3,Kansas,-,-,0,0,0,10,0.1,Butler,-,-,-,-,-,-,-,-,-,-,-,-,,37.68,-96.85,-,-,1,,280,Unmodified
19550527.20.33,Summary,1955-05-27,21:15:00,3,Kansas,-,-,0,0,0,10,0.1,Sumner,-,-,-,-,-,-,-,-,-,-,-,-,,37.23,-97.47,-,-,1,,279,Unmodified
19550527.20.32,Summary,1955-05-27,21:15:00,3,Kansas,-,-,0,0,0,10,0.1,Sumner,-,-,-,-,-,-,-,-,-,-,-,-,,37.25,-97.48,-,-,1,,278,Unmodified
19550527.20.29,Summary,1955-05-27,21:15:00,3,Kansas,-,-,0,0,0,10,0.1,Harvey,-,-,-,-,-,-,-,-,-,-,-,-,,37.88,-97.4,-,-,1,,275,Unmodified
19550527.20.28,Summary,1955-05-27,21:15:00,3,Kansas,-,-,0,0,0,10,0.1,Harvey,-,-,-,-,-,-,-,-,-,-,-,-,,37.9,-97.4,-,-,1,,274,Unmodified
19550527.20.27,Summary,1955-05-27,21:15:00,3,Kansas,-,-,1,0,0,10,0.1,Harvey,-,-,-,-,-,-,-,-,-,-,-,$5K-$50K,,37.92,-97.42,-,-,1,,273,Unmodified
19550527.40.46,Summary,1955-05-27,21:30:00,3,Oklahoma,-,-,0,0,0,10,0.1,Kay,-,-,-,-,-,-,-,-,-,-,-,-,,36.85,-97.33,-,-,1,,285,Unmodified
19550527.40.47,Summary,1955-05-27,22:00:00,3,Oklahoma,-,-,0,0,0,10,0.1,Kay,-,-,-,-,-,-,-,-,-,-,-,-,,36.67,-97.3,-,-,1,,286,Unmodified
19550528.40.48,Summary,1955-05-28,01:30:00,3,Oklahoma,-,-,0,0,0,10,0.1,Osage,-,-,-,-,-,-,-,-,-,-,-,$50-$500,,36.67,-96.37,-,-,1,,287,Unmodified
19550528.26.1,Summary,1955-05-28,03:00:00,3,Michigan,-,-,1,0,0,10,0.1,Clinton,-,-,-,-,-,-,-,-,-,-,-,$500-$5000,,43.08,-84.43,-,-,1,,288,Unmodified
19550528.26.2,Summary,1955-05-28,08:00:00,3,Michigan,-,-,2,0,1,100,64.6,Kalamazoo,Calhoun,Eaton,-,-,-,-,-,-,-,-,-,$50K-$500K,,42.12,-85.63,42.75,-84.72,1,,289,Unmodified
19550528.18.7,Summary,1955-05-28,08:16:00,3,Indiana,-,-,2,0,3,100,6.8,Howard,-,-,-,-,-,-,-,-,-,-,-,$500K-$5M,,40.53,-85.98,40.58,-85.87,1,,290,Unmodified
19550528.55.6,Summary,1955-05-28,13:15:00,3,Wisconsin,-,-,1,0,0,100,0.1,Rock,-,-,-,-,-,-,-,-,-,-,-,$5K-$50K,,42.72,-89.23,-,-,1,,291,Unmodified
19550528.55.7,Summary,1955-05-28,15:05:00,3,Wisconsin,-,-,1,0,4,73,2.7,Waupaca,-,-,-,-,-,-,-,-,-,-,-,$5K-$50K,,44.62,-88.8,44.67,-88.78,1,,292,Unmodified
19550528.26.3,Summary,1955-05-28,17:00:00,3,Michigan,-,-,0,0,0,10,0.1,Kalamazoo,-,-,-,-,-,-,-,-,-,-,-,$500-$5000,,42.2,-85.53,-,-,1,,293,Unmodified
19550530.37.3,Summary,1955-05-30,13:30:00,3,North Carolina,-,-,1,0,0,27,0.1,Onslow,-,-,-,-,-,-,-,-,-,-,-,$500-$5000,,34.75,-77.42,-,-,1,,294,Unmodified
19550530.12.4,Summary,1955-05-30,15:45:00,3,Florida,-,-,0,0,0,10,0.1,Palm Beach,-,-,-,-,-,-,-,-,-,-,-,-,,26.62,-80.75,-,-,1,,295,Unmodified
19550530.48.64,Summary,1955-05-30,21:23:00,3,Texas,-,-,2,0,0,600,2,Winkler,-,-,-,-,-,-,-,-,-,-,-,$5K-$50K,,31.83,-103.08,-,-,1,,296,Unmodified
19550530.40.49,Summary,1955-05-30,23:59:00,3,Oklahoma,-,-,1,0,0,300,4.3,Custer,-,-,-,-,-,-,-,-,-,-,-,$500-$5000,,35.5,-98.98,35.5,-98.9,1,,297,Unmodified
19550601.49.1,Summary,1955-06-01,13:25:00,3,Utah,-,-,1,0,0,10,0.1,Uintah,-,-,-,-,-,-,-,-,-,-,-,$500-$5000,,40.47,-109.57,-,-,1,,298,Unmodified
19550601.48.66,Summary,1955-06-01,15:00:00,3,Texas,-,-,1,0,0,10,0.1,Childress,-,-,-,-,-,-,-,-,-,-,-,-,,34.38,-100.05,-,-,1,,299,Unmodified
19550601.12.5,Summary,1955-06-01,15:45:00,3,Florida,-,-,0,0,0,33,0.1,Monroe,-,-,-,-,-,-,-,-,-,-,-,-,,24.57,-81.62,-,-,1,,300,Unmodified
19550601.40.50,Summary,1955-06-01,17:30:00,3,Oklahoma,-,-,1,0,2,400,11.8,Harmon,-,-,-,-,-,-,-,-,-,-,-,$500-$5000,,34.68,-99.92,34.8,-99.77,1,,301,Unmodified
19550601.40.51,Summary,1955-06-01,18:30:00,3,Oklahoma,-,-,0,0,0,200,6.2,Greer,-,-,-,-,-,-,-,-,-,-,-,$500-$5000,,34.95,-99.38,35.02,-99.32,1,,302,Unmodified
19550601.20.38,Summary,1955-06-01,20:10:00,3,Kansas,-,-,0,0,0,10,0.1,Reno,-,-,-,-,-,-,-,-,-,-,-,-,,38.07,-97.87,-,-,1,,303,Unmodified
19550601.48.65,Summary,1955-06-01,23:20:00,3,Texas,-,-,0,0,0,10,0.1,Jones,-,-,-,-,-,-,-,-,-,-,-,-,,32.62,-99.82,-,-,1,,304,Unmodified
19550602.40.52,Summary,1955-06-02,15:00:00,3,Oklahoma,-,-,0,0,0,10,0.1,Beckham,-,-,-,-,-,-,-,-,-,-,-,-,,35.2,-99.8,-,-,1,,305,Unmodified
19550602.31.6,Summary,1955-06-02,17:30:00,3,Nebraska,-,-,2,0,0,10,6.5,Kearney,-,-,-,-,-,-,-,-,-,-,-,$5K-$50K,,40.47,-98.9,40.57,-98.88,1,,306,Unmodified
19550602.31.7,Summary,1955-06-02,20:00:00,3,Nebraska,-,-,0,0,0,10,0.1,Pierce,-,-,-,-,-,-,-,-,-,-,-,$500-$5000,,42.38,-97.62,-,-,1,,307,Unmodified
19550602.20.39,Summary,1955-06-02,21:30:00,3,Kansas,-,-,1,0,0,10,19.8,Mitchell,Cloud,-,-,-,-,-,-,-,-,-,-,$500-$5000,,39.42,-97.98,39.57,-97.67,1,,308,Unmodified
19550603.20.42,Summary,1955-06-03,12:00:00,3,Kansas,-,-,0,0,0,10,0.1,Cloud,-,-,-,-,-,-,-,-,-,-,-,-,,39.63,-97.77,-,-,1,,309,Unmodified
19550603.38.1,Summary,1955-06-03,15:00:00,3,North Dakota,-,-,0,0,0,30,2.5,Bottineau,-,-,-,-,-,-,-,-,-,-,-,-,,48.67,-100.38,-,-,1,,310,Unmodified
19550603.48.67,Summary,1955-06-03,17:20:00,3,Texas,-,-,0,0,0,10,5.7,Hemphill,Lipscomb,-,-,-,-,-,-,-,-,-,-,-,,36.02,-100.27,36.07,-100.18,1,,311,Unmodified
19550603.20.40,Summary,1955-06-03,18:00:00,3,Kansas,-,-,1,0,0,70,5.2,Stafford,-,-,-,-,-,-,-,-,-,-,-,$5K-$50K,,38.18,-98.78,38.22,-98.7,1,,312,Unmodified
19550603.48.68,Summary,1955-06-03,18:00:00,3,Texas,-,-,1,0,0,10,3.3,Young,-,-,-,-,-,-,-,-,-,-,-,-,,33.22,-98.85,33.23,-98.8,1,,313,Unmodified
19550603.40.53,Summary,1955-06-03,18:30:00,3,Oklahoma,-,-,1,0,0,10,0.1,Ellis,-,-,-,-,-,-,-,-,-,-,-,$500-$5000,,36.27,-99.92,-,-,1,,314,Unmodified
19550603.20.41,Summary,1955-06-03,20:25:00,3,Kansas,-,-,0,0,0,10,0.1,Reno,-,-,-,-,-,-,-,-,-,-,-,-,,37.88,-98.12,-,-,1,,315,Unmodified
19550603.40.54,Summary,1955-06-03,21:15:00,3,Oklahoma,-,-,1,0,0,200,5.9,Major,-,-,-,-,-,-,-,-,-,-,-,$50-$500,,36.2,-98.85,36.27,-98.78,1,,316,Unmodified
19550604.20.75,Summary,1955-06-04,12:00:00,3,Kansas,-,-,1,0,0,10,0.1,Trego,-,-,-,-,-,-,-,-,-,-,-,-,,38.78,-99.88,-,-,1,,317,Unmodified
19550604.8.6,Summary,1955-06-04,12:20:00,3,Colorado,-,-,0,0,0,10,0.1,Lincoln,-,-,-,-,-,-,-,-,-,-,-,-,,38.58,-103.92,-,-,1,,318,Unmodified
19550604.20.43,Summary,1955-06-04,13:20:00,3,Kansas,-,-,0,0,0,10,0.1,Wallace,-,-,-,-,-,-,-,-,-,-,-,-,,38.88,-101.8,-,-,1,,319,Unmodified
19550604.20.44,Summary,1955-06-04,14:30:00,3,Kansas,-,-,0,0,0,10,6.9,Logan,-,-,-,-,-,-,-,-,-,-,-,-,,38.85,-101.25,38.93,-101.17,1,,320,Unmodified
19550604.20.45,Summary,1955-06-04,14:30:00,3,Kansas,-,-,0,0,0,10,6.9,Logan,-,-,-,-,-,-,-,-,-,-,-,-,,38.85,-101.25,38.93,-101.17,1,,321,Unmodified
19550604.20.46,Summary,1955-06-04,15:20:00,3,Kansas,Nebraska,-,4,0,0,500,61.9,Osborne,Smith,Thayer,-,-,-,-,-,-,-,-,-,-,,39.52,-98.53,40.02,-97.53,2,,322,Unmodified
19550604.20.46,State,1955-06-04,15:20:00,3,Kansas,,,4,0,0,500,61.9,Osborne,Smith,-,-,-,-,-,-,-,-,-,-,$50K-$500K,,39.52,-98.53,40,-97.55,2,,322,Unmodified
19550604.20.46,State,1955-06-04,18:20:00,3,Nebraska,,,4,0,0,440,0.1,Thayer,-,-,-,-,-,-,-,-,-,-,-,$50K-$500K,,40,-97.55,40.02,-97.53,2,,322,Unmodified
19550604.20.47,Summary,1955-06-04,15:30:00,3,Kansas,-,-,0,0,0,10,0.1,Smith,-,-,-,-,-,-,-,-,-,-,-,-,,39.9,-98.68,-,-,1,,323,Unmodified
19550604.48.69,Summary,1955-06-04,16:30:00,3,Texas,-,-,2,0,0,100,2,Brown,-,-,-,-,-,-,-,-,-,-,-,$5K-$50K,,32.05,-99.13,-,-,1,,324,Unmodified
19550604.20.48,Summary,1955-06-04,17:00:00,3,Kansas,-,-,4,0,0,100,72.2,Ford,Edwards,Pawnee,-,-,-,-,-,-,-,-,-,$50K-$500K,,37.48,-100.03,38.18,-99.05,1,,325,Unmodified
19550604.20.49,Summary,1955-06-04,17:00:00,3,Kansas,-,-,1,0,0,10,72.2,Ford,Edwards,Pawnee,-,-,-,-,-,-,-,-,-,-,,37.48,-100.03,38.18,-99.05,1,,326,Unmodified
19550604.20.50,Summary,1955-06-04,17:00:00,3,Kansas,-,-,1,0,0,10,72.2,Ford,Edwards,Pawnee,-,-,-,-,-,-,-,-,-,-,,37.48,-100.03,38.18,-99.05,1,,327,Unmodified
19550604.20.51,Summary,1955-06-04,17:00:00,3,Kansas,-,-,1,0,0,10,72.2,Ford,Edwards,Pawnee,-,-,-,-,-,-,-,-,-,-,,37.48,-100.03,38.18,-99.05,1,,328,Unmodified
19550604.20.52,Summary,1955-06-04,17:00:00,3,Kansas,-,-,1,0,0,10,72.2,Ford,Edwards,Pawnee,-,-,-,-,-,-,-,-,-,-,,37.48,-100.03,38.18,-99.05,1,,329,Unmodified
19550604.20.53,Summary,1955-06-04,17:00:00,3,Kansas,-,-,1,0,0,10,72.2,Ford,Edwards,Pawnee,-,-,-,-,-,-,-,-,-,-,,37.48,-100.03,38.18,-99.05,1,,330,Unmodified
19550604.20.54,Summary,1955-06-04,17:30:00,3,Kansas,-,-,0,0,0,10,0.1,Ness,-,-,-,-,-,-,-,-,-,-,-,-,,38.5,-99.77,-,-,1,,331,Unmodified
19550604.20.55,Summary,1955-06-04,18:30:00,3,Kansas,-,-,3,0,0,400,6.8,Stafford,-,-,-,-,-,-,-,-,-,-,-,$5K-$50K,,38.07,-98.6,38.17,-98.58,1,,332,Unmodified
19550604.20.56,Summary,1955-06-04,18:30:00,3,Kansas,-,-,1,0,0,10,0.1,Stafford,-,-,-,-,-,-,-,-,-,-,-,-,,38.07,-98.6,-,-,1,,333,Unmodified
19550604.20.57,Summary,1955-06-04,18:30:00,3,Kansas,-,-,0,0,0,10,0.1,Stafford,-,-,-,-,-,-,-,-,-,-,-,-,,38.07,-98.6,-,-,1,,334,Unmodified
19550604.20.58,Summary,1955-06-04,18:30:00,3,Kansas,-,-,1,0,0,10,0.1,Stafford,-,-,-,-,-,-,-,-,-,-,-,-,,38.07,-98.6,-,-,1,,335,Unmodified
19550604.20.65,Summary,1955-06-04,18:30:00,3,Kansas,-,-,0,0,0,10,0.1,Stafford,-,-,-,-,-,-,-,-,-,-,-,-,,38.07,-98.6,-,-,1,,342,Unmodified
19550604.20.64,Summary,1955-06-04,18:30:00,3,Kansas,-,-,0,0,0,10,0.1,Stafford,-,-,-,-,-,-,-,-,-,-,-,-,,38.07,-98.6,-,-,1,,341,Unmodified
19550604.20.63,Summary,1955-06-04,18:30:00,3,Kansas,-,-,0,0,0,10,0.1,Stafford,-,-,-,-,-,-,-,-,-,-,-,-,,38.07,-98.6,-,-,1,,340,Unmodified
19550604.20.62,Summary,1955-06-04,18:30:00,3,Kansas,-,-,0,0,0,10,0.1,Stafford,-,-,-,-,-,-,-,-,-,-,-,-,,38.07,-98.6,-,-,1,,339,Unmodified
19550604.20.61,Summary,1955-06-04,18:30:00,3,Kansas,-,-,0,0,0,10,0.1,Stafford,-,-,-,-,-,-,-,-,-,-,-,-,,38.07,-98.6,-,-,1,,338,Unmodified
19550604.20.60,Summary,1955-06-04,18:30:00,3,Kansas,-,-,0,0,0,10,0.1,Stafford,-,-,-,-,-,-,-,-,-,-,-,-,,38.07,-98.6,-,-,1,,337,Unmodified
19550604.20.59,Summary,1955-06-04,18:30:00,3,Kansas,-,-,0,0,0,10,0.1,Stafford,-,-,-,-,-,-,-,-,-,-,-,-,,38.07,-98.6,-,-,1,,336,Unmodified
19550604.31.9,Summary,1955-06-04,19:00:00,3,Nebraska,-,-,1,0,0,10,0.1,Thayer,-,-,-,-,-,-,-,-,-,-,-,-,,40.02,-97.5,-,-,1,,343,Unmodified
19550604.40.55,Summary,1955-06-04,19:00:00,3,Oklahoma,-,-,2,0,0,300,0.1,Caddo,-,-,-,-,-,-,-,-,-,-,-,$5K-$50K,,35.5,-98.5,-,-,1,,344,Unmodified
19550604.20.66,Summary,1955-06-04,19:00:00,3,Kansas,-,-,1,0,0,10,0.1,Rice,-,-,-,-,-,-,-,-,-,-,-,-,,38.35,-98.23,-,-,1,,345,Unmodified
19550604.20.67,Summary,1955-06-04,19:00:00,3,Kansas,-,-,1,0,0,10,0.1,Rice,-,-,-,-,-,-,-,-,-,-,-,-,,38.35,-98.23,-,-,1,,346,Unmodified
19550604.20.68,Summary,1955-06-04,19:35:00,3,Kansas,-,-,0,0,0,10,0.1,Ottawa,-,-,-,-,-,-,-,-,-,-,-,-,,39.07,-97.77,-,-,1,,347,Unmodified
19550604.20.70,Summary,1955-06-04,19:38:00,3,Kansas,-,-,0,0,0,10,0.1,Graham,-,-,-,-,-,-,-,-,-,-,-,-,,39.22,-99.98,-,-,1,,349,Unmodified
19550604.20.69,Summary,1955-06-04,19:38:00,3,Kansas,-,-,0,0,0,10,0.1,Graham,-,-,-,-,-,-,-,-,-,-,-,-,,39.22,-99.98,-,-,1,,348,Unmodified
19550604.20.71,Summary,1955-06-04,19:40:00,3,Kansas,-,-,3,0,0,200,5.9,Rice,-,-,-,-,-,-,-,-,-,-,-,$5K-$50K,,38.25,-98.42,38.28,-98.32,1,,350,Unmodified
19550604.20.72,Summary,1955-06-04,19:45:00,3,Kansas,-,-,0,0,0,10,0.1,Clay,-,-,-,-,-,-,-,-,-,-,-,-,,39.57,-97.28,-,-,1,,351,Unmodified
19550604.40.56,Summary,1955-06-04,20:30:00,3,Oklahoma,-,-,1,0,0,100,2,Woods,-,-,-,-,-,-,-,-,-,-,-,$5K-$50K,,36.5,-98.85,-,-,1,,352,Unmodified
19550604.31.10,Summary,1955-06-04,21:25:00,3,Nebraska,-,-,0,0,0,10,0.3,Washington,-,-,-,-,-,-,-,-,-,-,-,-,,41.45,-96.03,-,-,1,,353,Unmodified
19550604.40.57,Summary,1955-06-04,22:00:00,3,Oklahoma,-,-,1,0,0,300,5.9,Major,-,-,-,-,-,-,-,-,-,-,-,$500-$5000,,36.25,-98.53,36.32,-98.47,1,,354,Unmodified
19550604.20.73,Summary,1955-06-04,22:43:00,3,Kansas,-,-,0,0,0,10,0.1,Seward,-,-,-,-,-,-,-,-,-,-,-,-,,37.18,-101.05,-,-,1,,355,Unmodified
19550604.20.74,Summary,1955-06-04,22:52:00,3,Kansas,-,-,0,0,0,10,0.1,Seward,-,-,-,-,-,-,-,-,-,-,-,-,,37.05,-100.83,-,-,1,,356,Unmodified
19550605.20.76,Summary,1955-06-05,01:20:00,3,Kansas,-,-,0,0,0,10,0.1,Bourbon,-,-,-,-,-,-,-,-,-,-,-,-,,37.87,-94.67,-,-,1,,357,Unmodified
19550605.26.4,Summary,1955-06-05,16:00:00,3,Michigan,-,-,0,0,0,10,2,Cheboygan,-,-,-,-,-,-,-,-,-,-,-,$50-$500,,45.52,-84.47,-,-,1,,358,Unmodified
19550605.48.70,Summary,1955-06-05,16:18:00,3,Texas,-,-,1,0,0,1760,7.8,Williamson,-,-,-,-,-,-,-,-,-,-,-,-,,30.85,-97.8,30.9,-97.68,1,,359,Unmodified
19550605.48.71,Summary,1955-06-05,19:30:00,3,Texas,-,-,2,0,0,10,3.6,La Salle,-,-,-,-,-,-,-,-,-,-,-,$50K-$500K,,28.03,-99.35,28.03,-99.3,1,,360,Unmodified
19550605.48.72,Summary,1955-06-05,22:00:00,3,Texas,-,-,2,0,0,10,0.1,Colorado,-,-,-,-,-,-,-,-,-,-,-,-,,29.7,-96.78,-,-,1,,361,Unmodified
19550605.48.73,Summary,1955-06-05,23:00:00,3,Texas,-,-,1,0,0,10,0.1,Calhoun,-,-,-,-,-,-,-,-,-,-,-,$500-$5000,,28.62,-96.63,-,-,1,,362,Unmodified
19550606.26.5,Summary,1955-06-06,14:00:00,3,Michigan,-,-,1,0,0,10,1,Emmet,-,-,-,-,-,-,-,-,-,-,-,$500-$5000,,45.37,-84.97,-,-,1,,363,Unmodified
19550607.26.6,Summary,1955-06-07,16:45:00,3,Michigan,-,-,2,0,0,100,3.8,Gladwin,-,-,-,-,-,-,-,-,-,-,-,$5K-$50K,,43.83,-84.48,43.88,-84.42,1,,364,Unmodified
19550608.40.58,Summary,1955-06-08,11:30:00,3,Oklahoma,-,-,1,0,0,500,1,Beckham,-,-,-,-,-,-,-,-,-,-,-,$50K-$500K,,35.27,-99.62,-,-,1,,365,Unmodified
19550608.48.74,Summary,1955-06-08,15:00:00,3,Texas,-,-,0,0,1,10,2,Eastland,-,-,-,-,-,-,-,-,-,-,-,-,,32.53,-98.68,-,-,1,,366,Unmodified
19550608.48.75,Summary,1955-06-08,15:00:00,3,Texas,-,-,1,0,0,10,0.1,Archer,Baylor,-,-,-,-,-,-,-,-,-,-,-,,33.8,-98.95,-,-,1,,367,Unmodified
19550610.5.13,Summary,1955-06-10,16:15:00,3,Arkansas,-,-,1,0,0,250,0.5,Poinsett,-,-,-,-,-,-,-,-,-,-,-,$50-$500,,35.55,-90.37,-,-,1,,368,Unmodified
19550611.45.3,Summary,1955-06-11,10:30:00,3,South Carolina,-,-,0,0,0,50,0.8,Richland,-,-,-,-,-,-,-,-,-,-,-,$500-$5000,,34.02,-81,-,-,1,,369,Unmodified
19550611.51.1,Summary,1955-06-11,14:00:00,3,Virginia,-,-,1,0,0,10,0.1,Botetourt,-,-,-,-,-,-,-,-,-,-,-,$500-$5000,,37.37,-79.82,-,-,1,,370,Unmodified
19550611.37.4,Summary,1955-06-11,15:00:00,3,North Carolina,-,-,2,0,0,200,19.4,Pitt,Martin,-,-,-,-,-,-,-,-,-,-,$50K-$500K,,35.77,-77.52,35.88,-77.2,1,,371,Unmodified
19550611.18.8,Summary,1955-06-11,15:15:00,3,Indiana,-,-,1,0,0,10,0.1,Owen,-,-,-,-,-,-,-,-,-,-,-,$500-$5000,,39.18,-86.83,-,-,1,,372,Unmodified
19550612.20.78,Summary,1955-06-12,19:00:00,3,Kansas,-,-,0,0,0,10,0.1,Wichita,-,-,-,-,-,-,-,-,-,-,-,-,,38.47,-101.37,-,-,1,,374,Unmodified
19550612.20.77,Summary,1955-06-12,19:00:00,3,Kansas,-,-,0,0,0,10,0.1,Wallace,-,-,-,-,-,-,-,-,-,-,-,-,,38.78,-101.95,-,-,1,,373,Unmodified
19550613.4.1,Summary,1955-06-13,17:30:00,3,Arizona,-,-,1,0,0,10,1,Maricopa,-,-,-,-,-,-,-,-,-,-,-,$5K-$50K,,33.25,-111.62,-,-,1,,375,Unmodified
19550614.40.59,Summary,1955-06-14,20:30:00,3,Oklahoma,-,-,2,0,0,500,17.6,Kiowa,-,-,-,-,-,-,-,-,-,-,-,$5K-$50K,,34.67,-98.95,34.85,-98.73,1,,376,Unmodified
19550615.40.60,Summary,1955-06-15,20:00:00,3,Oklahoma,-,-,2,0,0,500,5.9,Ellis,-,-,-,-,-,-,-,-,-,-,-,$50K-$500K,,36.1,-99.75,36.17,-99.68,1,,377,Unmodified
19550616.48.76,Summary,1955-06-16,01:20:00,3,Texas,-,-,0,0,0,10,0.1,Eastland,-,-,-,-,-,-,-,-,-,-,-,-,,32.22,-98.67,-,-,1,,378,Unmodified
19550616.49.2,Summary,1955-06-16,14:00:00,3,Utah,-,-,2,0,0,333,2.7,Sanpete,-,-,-,-,-,-,-,-,-,-,-,-,,39.23,-111.83,39.25,-111.78,1,,379,Unmodified
19550616.49.3,Summary,1955-06-16,14:00:00,3,Utah,-,-,0,0,0,10,0.1,Sanpete,-,-,-,-,-,-,-,-,-,-,-,-,,39.23,-111.83,-,-,1,,380,Unmodified
19550616.48.86,Summary,1955-06-16,15:00:00,3,Texas,-,-,2,0,0,333,3,Crockett,-,-,-,-,-,-,-,-,-,-,-,-,,30.72,-101.22,-,-,1,,381,Unmodified
19550616.48.77,Summary,1955-06-16,15:30:00,3,Texas,-,-,0,0,0,67,0.3,Potter,-,-,-,-,-,-,-,-,-,-,-,-,,35.23,-101.65,-,-,1,,382,Unmodified
19550616.48.79,Summary,1955-06-16,15:30:00,3,Texas,-,-,1,0,0,17,1,Carson,-,-,-,-,-,-,-,-,-,-,-,<$50,,35.28,-101.38,-,-,1,,383,Unmodified
19550616.48.80,Summary,1955-06-16,15:30:00,3,Texas,-,-,0,0,0,17,2,Armstrong,-,-,-,-,-,-,-,-,-,-,-,-,,35.22,-101.27,-,-,1,,384,Unmodified
19550616.48.81,Summary,1955-06-16,15:30:00,3,Texas,-,-,0,0,0,17,2,Armstrong,-,-,-,-,-,-,-,-,-,-,-,-,,35.22,-101.27,-,-,1,,385,Unmodified
19550616.48.84,Summary,1955-06-16,15:30:00,3,Texas,-,-,1,0,0,10,0.1,Taylor,Runnels,-,-,-,-,-,-,-,-,-,-,-,,32.45,-99.85,-,-,1,,386,Unmodified
19550616.48.78,Summary,1955-06-16,16:07:00,3,Texas,-,-,0,0,0,10,0.3,Carson,-,-,-,-,-,-,-,-,-,-,-,-,,35.35,-101.35,-,-,1,,387,Unmodified
19550616.48.85,Summary,1955-06-16,17:00:00,3,Texas,-,-,1,0,0,1320,3.8,Hemphill,-,-,-,-,-,-,-,-,-,-,-,$5K-$50K,,35.92,-100.12,35.95,-100.07,1,,388,Unmodified
19550616.40.61,Summary,1955-06-16,18:30:00,3,Oklahoma,-,-,1,0,0,10,0.1,Ellis,-,-,-,-,-,-,-,-,-,-,-,-,,36.13,-99.8,-,-,1,,389,Unmodified
19550616.48.82,Summary,1955-06-16,18:30:00,3,Texas,-,-,2,0,0,20,1,Donley,-,-,-,-,-,-,-,-,-,-,-,<$50,,35,-101.07,-,-,1,,390,Unmodified
19550616.48.83,Summary,1955-06-16,18:30:00,3,Texas,-,-,0,0,0,10,1,Donley,-,-,-,-,-,-,-,-,-,-,-,-,,34.97,-100.93,-,-,1,,391,Unmodified
19550617.31.11,Summary,1955-06-17,13:00:00,3,Nebraska,-,-,2,0,0,40,10.6,Wayne,Dixon,-,-,-,-,-,-,-,-,-,-,$500-$5000,,42.25,-97.1,42.35,-96.93,1,,392,Unmodified
19550617.20.79,Summary,1955-06-17,13:00:00,3,Kansas,-,-,0,0,0,10,0.1,Meade,-,-,-,-,-,-,-,-,-,-,-,$500-$5000,,37.38,-100.22,-,-,1,,393,Unmodified
19550617.20.80,Summary,1955-06-17,13:00:00,3,Kansas,-,-,0,0,0,10,0.1,Meade,-,-,-,-,-,-,-,-,-,-,-,$500-$5000,,37.4,-100.23,-,-,1,,394,Unmodified
19550617.20.81,Summary,1955-06-17,13:00:00,3,Kansas,-,-,0,0,0,10,0.1,Meade,-,-,-,-,-,-,-,-,-,-,-,$500-$5000,,37.42,-100.2,-,-,1,,395,Unmodified
19550617.20.82,Summary,1955-06-17,13:00:00,3,Kansas,-,-,2,0,0,10,0.1,Clark,-,-,-,-,-,-,-,-,-,-,-,-,,37.33,-100.02,-,-,1,,396,Unmodified
19550617.20.83,Summary,1955-06-17,13:30:00,3,Kansas,-,-,2,0,0,10,0.1,Meade,-,-,-,-,-,-,-,-,-,-,-,-,,37.25,-100.37,-,-,1,,397,Unmodified
19550617.20.84,Summary,1955-06-17,13:30:00,3,Kansas,-,-,0,0,0,10,0.1,Meade,-,-,-,-,-,-,-,-,-,-,-,-,,37.27,-100.35,-,-,1,,398,Unmodified
19550617.20.85,Summary,1955-06-17,13:30:00,3,Kansas,-,-,0,0,0,10,0.1,Meade,-,-,-,-,-,-,-,-,-,-,-,-,,37.28,-100.33,-,-,1,,399,Unmodified
19550617.20.86,Summary,1955-06-17,13:30:00,3,Kansas,-,-,1,0,0,10,0.1,Meade,-,-,-,-,-,-,-,-,-,-,-,-,,37.3,-100.32,-,-,1,,400,Unmodified
19550617.40.62,Summary,1955-06-17,17:30:00,3,Oklahoma,-,-,2,0,0,500,3.6,Woods,-,-,-,-,-,-,-,-,-,-,-,$5K-$50K,,36.75,-98.7,36.78,-98.65,1,,401,Unmodified
19550617.40.63,Summary,1955-06-17,17:48:00,3,Oklahoma,-,-,1,0,0,10,1,Major,-,-,-,-,-,-,-,-,-,-,-,-,,36.42,-98.2,-,-,1,,402,Unmodified
19550617.48.87,Summary,1955-06-17,19:10:00,3,Texas,-,-,3,0,0,67,16.2,Collingsworth,-,-,-,-,-,-,-,-,-,-,-,$50K-$500K,,34.85,-100.22,34.88,-99.93,1,,403,Unmodified
19550617.40.64,Summary,1955-06-17,20:30:00,3,Oklahoma,-,-,2,0,0,100,1,Alfalfa,-,-,-,-,-,-,-,-,-,-,-,$500-$5000,,36.5,-98.45,-,-,1,,404,Unmodified
19550617.40.65,Summary,1955-06-17,20:40:00,3,Oklahoma,-,-,0,0,0,50,0.5,Kiowa,-,-,-,-,-,-,-,-,-,-,-,-,,34.92,-99.27,-,-,1,,405,Unmodified
19550617.40.66,Summary,1955-06-17,22:20:00,3,Oklahoma,-,-,2,0,0,440,0.8,Tillman,-,-,-,-,-,-,-,-,-,-,-,$5K-$50K,,34.5,-98.98,-,-,1,,406,Unmodified
19550618.40.67,Summary,1955-06-18,00:30:00,3,Oklahoma,-,-,1,0,0,10,0.1,Garvin,-,-,-,-,-,-,-,-,-,-,-,-,,34.67,-97.25,-,-,1,,407,Unmodified
19550618.27.3,Summary,1955-06-18,13:00:00,3,Minnesota,-,-,0,0,0,10,0.1,Otter Tail,-,-,-,-,-,-,-,-,-,-,-,$50-$500,,46.5,-95.77,-,-,1,,408,Unmodified
19550618.8.7,Summary,1955-06-18,13:50:00,3,Colorado,-,-,2,0,1,83,4.9,Phillips,-,-,-,-,-,-,-,-,-,-,-,$50K-$500K,,40.65,-102.65,40.62,-102.55,1,,409,Unmodified
19550618.40.68,Summary,1955-06-18,17:30:00,3,Oklahoma,-,-,1,0,0,100,2,Alfalfa,-,-,-,-,-,-,-,-,-,-,-,$5K-$50K,,36.75,-98.37,-,-,1,,410,Unmodified
19550618.40.69,Summary,1955-06-18,17:30:00,3,Oklahoma,-,-,0,0,0,10,0.1,Alfalfa,-,-,-,-,-,-,-,-,-,-,-,-,,36.75,-98.37,-,-,1,,411,Unmodified
19550618.48.88,Summary,1955-06-18,19:00:00,3,Texas,-,-,0,0,0,10,0.1,Crosby,-,-,-,-,-,-,-,-,-,-,-,-,,33.73,-101.4,-,-,1,,412,Unmodified
19550618.48.89,Summary,1955-06-18,19:05:00,3,Texas,-,-,0,0,0,10,0.1,Parmer,-,-,-,-,-,-,-,-,-,-,-,-,,34.55,-102.68,-,-,1,,413,Unmodified
19550618.40.70,Summary,1955-06-18,19:30:00,3,Oklahoma,-,-,2,0,0,100,3.6,Woods,-,-,-,-,-,-,-,-,-,-,-,$5K-$50K,,36.78,-99.08,36.82,-99.03,1,,414,Unmodified
19550618.48.90,Summary,1955-06-18,20:00:00,3,Texas,-,-,0,0,0,10,0.1,Sherman,-,-,-,-,-,-,-,-,-,-,-,-,,36.33,-102.07,-,-,1,,415,Unmodified
19550618.48.91,Summary,1955-06-18,20:00:00,3,Texas,-,-,0,0,0,10,0.1,Sherman,-,-,-,-,-,-,-,-,-,-,-,-,,36.33,-102.07,-,-,1,,416,Unmodified
19550618.48.92,Summary,1955-06-18,20:00:00,3,Texas,-,-,0,0,0,10,0.1,Sherman,-,-,-,-,-,-,-,-,-,-,-,<$50,,36.33,-102.07,-,-,1,,417,Unmodified
19550619.26.7,Summary,1955-06-19,14:30:00,3,Michigan,-,-,1,0,0,50,2.3,Charlevoix,-,-,-,-,-,-,-,-,-,-,-,$500-$5000,,45.15,-84.92,45.18,-84.87,1,,418,Unmodified
19550619.48.93,Summary,1955-06-19,17:35:00,3,Texas,-,-,0,0,0,10,0.1,Sherman,-,-,-,-,-,-,-,-,-,-,-,-,,36.58,-102.23,-,-,1,,419,Unmodified
19550619.8.10,Summary,1955-06-19,18:30:00,3,Colorado,-,-,0,0,0,10,0.1,Baca,-,-,-,-,-,-,-,-,-,-,-,-,,37.18,-102.72,-,-,1,,422,Unmodified
19550619.8.9,Summary,1955-06-19,18:30:00,3,Colorado,-,-,0,0,0,10,0.1,Baca,-,-,-,-,-,-,-,-,-,-,-,-,,37.18,-102.72,-,-,1,,421,Unmodified
19550619.8.8,Summary,1955-06-19,18:30:00,3,Colorado,-,-,0,0,0,10,0.1,Baca,-,-,-,-,-,-,-,-,-,-,-,-,,37.18,-102.72,-,-,1,,420,Unmodified
19550620.48.94,Summary,1955-06-20,15:00:00,3,Texas,-,-,0,0,0,10,0.1,McLennan,-,-,-,-,-,-,-,-,-,-,-,-,,31.65,-97.33,-,-,1,,423,Unmodified
19550620.48.95,Summary,1955-06-20,15:00:00,3,Texas,-,-,0,0,0,10,0.1,McLennan,-,-,-,-,-,-,-,-,-,-,-,-,,31.65,-97.33,-,-,1,,424,Unmodified
19550621.20.87,Summary,1955-06-21,13:35:00,3,Kansas,-,-,0,0,0,10,0.1,McPherson,-,-,-,-,-,-,-,-,-,-,-,-,,38.55,-97.42,-,-,1,,425,Unmodified
19550622.28.5,Summary,1955-06-22,14:00:00,3,Mississippi,-,-,2,0,0,10,34.6,Quitman,Panola,-,-,-,-,-,-,-,-,-,-,$5K-$50K,,34.15,-90.42,34.5,-89.98,1,,426,Unmodified
19550622.48.96,Summary,1955-06-22,15:15:00,3,Texas,-,-,0,0,0,10,0.1,Nueces,-,-,-,-,-,-,-,-,-,-,-,-,,27.78,-97.67,-,-,1,,427,Unmodified
19550622.40.71,Summary,1955-06-22,21:00:00,3,Oklahoma,-,-,1,0,0,10,0.1,Ellis,-,-,-,-,-,-,-,-,-,-,-,-,,36.5,-99.75,-,-,1,,428,Unmodified
19550623.45.4,Summary,1955-06-23,14:00:00,3,South Carolina,-,-,0,0,0,23,0.2,Anderson,-,-,-,-,-,-,-,-,-,-,-,$500-$5000,,34.5,-82.67,-,-,1,,429,Unmodified
19550625.37.5,Summary,1955-06-25,14:45:00,3,North Carolina,-,-,1,0,0,10,0.1,Perquimans,-,-,-,-,-,-,-,-,-,-,-,$5K-$50K,,36.2,-76.5,-,-,1,,430,Unmodified
19550626.8.11,Summary,1955-06-26,19:00:00,3,Colorado,-,-,1,0,0,10,0.1,Weld,-,-,-,-,-,-,-,-,-,-,-,$50-$500,,40.57,-104.37,-,-,1,,431,Unmodified
19550626.56.1,Summary,1955-06-26,21:00:00,3,Wyoming,-,-,3,0,0,27,2,Goshen,-,-,-,-,-,-,-,-,-,-,-,<$50,,41.97,-104.32,-,-,1,,432,Unmodified
19550626.56.2,Summary,1955-06-26,21:00:00,3,Wyoming,-,-,2,0,0,20,2.3,Goshen,-,-,-,-,-,-,-,-,-,-,-,-,,42.37,-104.73,42.37,-104.67,1,,433,Unmodified
19550627.31.12,Summary,1955-06-27,00:15:00,3,Nebraska,-,-,0,0,0,10,0.1,Scotts Bluff,-,-,-,-,-,-,-,-,-,-,-,$500-$5000,,41.97,-103.95,-,-,1,,434,Unmodified
19550627.56.3,Summary,1955-06-27,14:00:00,3,Wyoming,-,-,3,0,3,100,2,Platte,-,-,-,-,-,-,-,-,-,-,-,$500-$5000,,41.88,-105.02,-,-,1,,435,Unmodified
19550627.22.3,Summary,1955-06-27,15:00:00,3,Louisiana,-,-,0,0,0,33,0.2,Union,-,-,-,-,-,-,-,-,-,-,-,<$50,,32.97,-92.67,-,-,1,,436,Unmodified
19550627.31.13,Summary,1955-06-27,16:45:00,3,Nebraska,-,-,4,2,29,10,26,Scotts Bluff,Morrill,-,-,-,-,-,-,-,-,-,-,$50K-$500K,,41.93,-103.8,41.77,-103.32,1,,437,Unmodified
19550627.8.13,Summary,1955-06-27,17:00:00,3,Colorado,-,-,0,0,0,10,0.1,Weld,-,-,-,-,-,-,-,-,-,-,-,<$50,,40.5,-104.5,-,-,1,,439,Unmodified
19550627.8.12,Summary,1955-06-27,17:00:00,3,Colorado,-,-,0,0,0,10,0.1,Weld,-,-,-,-,-,-,-,-,-,-,-,<$50,,40.5,-104.5,-,-,1,,438,Unmodified
19550627.31.14,Summary,1955-06-27,18:30:00,3,Nebraska,-,-,0,0,0,10,0.1,Scotts Bluff,-,-,-,-,-,-,-,-,-,-,-,-,,41.97,-103.95,-,-,1,,440,Unmodified
19550628.46.10,Summary,1955-06-28,18:30:00,3,South Dakota,-,-,2,0,0,50,5.4,Brown,-,-,-,-,-,-,-,-,-,-,-,$5K-$50K,,45.3,-98.17,45.33,-98.05,1,,441,Unmodified
19550629.38.2,Summary,1955-06-29,20:15:00,3,North Dakota,-,-,0,0,0,10,0.1,Williams,-,-,-,-,-,-,-,-,-,-,-,-,,48,-104,-,-,1,,442,Unmodified
19550630.38.3,Summary,1955-06-30,15:30:00,3,North Dakota,-,-,2,0,0,77,4.1,Grand Forks,-,-,-,-,-,-,-,-,-,-,-,$500-$5000,,48.08,-97.17,48.13,-97.1,1,,443,Unmodified
19550630.27.4,Summary,1955-06-30,15:50:00,3,Minnesota,-,-,2,0,7,440,0.1,Polk,-,-,-,-,-,-,-,-,-,-,-,$5K-$50K,,47.9,-97,-,-,1,,444,Unmodified
19550630.38.4,Summary,1955-06-30,16:00:00,3,North Dakota,-,-,1,0,0,10,0.1,Cass,-,-,-,-,-,-,-,-,-,-,-,$500-$5000,,46.75,-96.8,-,-,1,,445,Unmodified
19550630.27.5,Summary,1955-06-30,16:15:00,3,Minnesota,-,-,1,0,0,10,12.7,Wilkin,Clay,-,-,-,-,-,-,-,-,-,-,-,,46.57,-96.73,46.72,-96.57,1,,446,Unmodified
19550630.20.88,Summary,1955-06-30,17:10:00,3,Kansas,-,-,0,0,0,10,0.1,Russell,-,-,-,-,-,-,-,-,-,-,-,-,,39.12,-98.87,-,-,1,,447,Unmodified
19550630.20.89,Summary,1955-06-30,18:40:00,3,Kansas,-,-,1,0,0,10,1,Cloud,-,-,-,-,-,-,-,-,-,-,-,-,,39.55,-97.63,-,-,1,,448,Unmodified
19550630.20.90,Summary,1955-06-30,18:45:00,3,Kansas,-,-,0,0,0,10,0.1,Hodgeman,-,-,-,-,-,-,-,-,-,-,-,-,,37.88,-99.95,-,-,1,,449,Unmodified
19550630.20.91,Summary,1955-06-30,19:15:00,3,Kansas,-,-,0,0,0,10,0.1,Washington,-,-,-,-,-,-,-,-,-,-,-,-,,39.58,-97.28,-,-,1,,450,Unmodified
19550701.46.11,Summary,1955-07-01,15:15:00,3,South Dakota,-,-,1,0,0,10,0.3,Edmunds,-,-,-,-,-,-,-,-,-,-,-,-,,45.45,-99.67,-,-,1,,451,Unmodified
19550701.42.2,Summary,1955-07-01,17:00:00,3,Pennsylvania,-,-,2,0,0,10,0.1,Crawford,-,-,-,-,-,-,-,-,-,-,-,$5K-$50K,,41.75,-80.37,41.77,-80.33,1,,452,Unmodified
19550701.38.5,Summary,1955-07-01,17:10:00,3,North Dakota,-,-,3,0,0,40,1.3,Emmons,-,-,-,-,-,-,-,-,-,-,-,$5K-$50K,,46.38,-100.3,46.42,-100.25,1,,453,Unmodified
19550701.46.12,Summary,1955-07-01,19:00:00,3,South Dakota,-,-,0,0,0,220,0.8,Buffalo,-,-,-,-,-,-,-,-,-,-,-,-,,44.03,-98.98,-,-,1,,454,Unmodified
19550702.38.6,Summary,1955-07-02,18:00:00,3,North Dakota,-,-,4,2,19,150,9.1,Richland,-,-,-,-,-,-,-,-,-,-,-,$50K-$500K,,46.5,-97,46.5,-96.8,1,,455,Unmodified
19550702.27.6,Summary,1955-07-02,18:30:00,3,Minnesota,-,-,3,0,3,440,18.7,Wilkin,-,-,-,-,-,-,-,-,-,-,-,$50K-$500K,,46.52,-96.7,46.27,-96.53,1,,456,Unmodified
19550702.8.14,Summary,1955-07-02,21:00:00,3,Colorado,-,-,1,0,0,10,0.1,Adams,-,-,-,-,-,-,-,-,-,-,-,$50-$500,,39.98,-104.53,-,-,1,,457,Unmodified
19550703.27.7,Summary,1955-07-03,17:00:00,3,Minnesota,-,-,1,0,0,10,0.1,Aitkin,-,-,-,-,-,-,-,-,-,-,-,$50-$500,,46.4,-93.6,-,-,1,,458,Unmodified
19550704.40.72,Summary,1955-07-04,15:00:00,3,Oklahoma,-,-,1,0,0,10,0.1,Dewey,-,-,-,-,-,-,-,-,-,-,-,$50-$500,,36.13,-99.3,-,-,1,,459,Unmodified
19550704.31.15,Summary,1955-07-04,21:00:00,3,Nebraska,-,-,0,0,0,10,0.1,Furnas,-,-,-,-,-,-,-,-,-,-,-,$500-$5000,,40.33,-99.72,-,-,1,,460,Unmodified
19550705.29.26,Summary,1955-07-05,15:00:00,3,Missouri,-,-,0,0,0,10,0.2,Ozark,-,-,-,-,-,-,-,-,-,-,-,<$50,,36.62,-92.43,-,-,1,,461,Unmodified
19550705.25.1,Summary,1955-07-05,17:00:00,3,Massachusetts,-,-,2,0,0,10,0.1,Franklin,-,-,-,-,-,-,-,-,-,-,-,$500-$5000,,42.43,-72.57,-,-,1,,462,Unmodified
19550705.38.7,Summary,1955-07-05,17:15:00,3,North Dakota,-,-,4,0,0,100,28,Mountrail,-,-,-,-,-,-,-,-,-,-,-,$5K-$50K,,48.43,-102.33,48.73,-101.92,1,,463,Unmodified
19550706.26.8,Summary,1955-07-06,15:30:00,3,Michigan,-,-,2,0,0,27,0.1,St. Joseph,-,-,-,-,-,-,-,-,-,-,-,$500-$5000,,41.92,-85.48,-,-,1,,465,Unmodified
19550706.30.1,Summary,1955-07-06,15:30:00,3,Montana,-,-,1,0,0,50,2,Yellowstone,-,-,-,-,-,-,-,-,-,-,-,$5K-$50K,,45.88,-108.3,-,-,1,,464,Unmodified
19550706.30.2,Summary,1955-07-06,17:30:00,3,Montana,-,-,1,0,0,73,2,Treasure,-,-,-,-,-,-,-,-,-,-,-,$500-$5000,,46.23,-107.27,-,-,1,,466,Unmodified
19550706.38.8,Summary,1955-07-06,20:00:00,3,North Dakota,-,-,1,0,0,17,7.4,Morton,-,-,-,-,-,-,-,-,-,-,-,$500-$5000,,46.82,-101.28,46.9,-101.17,1,,467,Unmodified
19550706.30.3,Summary,1955-07-06,21:15:00,3,Montana,-,-,1,0,0,1000,0.1,Prairie,-,-,-,-,-,-,-,-,-,-,-,$5K-$50K,,46.77,-105.32,-,-,1,,468,Unmodified
19550707.27.8,Summary,1955-07-07,15:00:00,3,Minnesota,-,-,1,0,1,10,0.1,Lincoln,-,-,-,-,-,-,-,-,-,-,-,-,,44.4,-96.15,-,-,1,,469,Unmodified
19550707.27.9,Summary,1955-07-07,15:00:00,3,Minnesota,-,-,4,1,13,10,30,Lyon,-,-,-,-,-,-,-,-,-,-,-,$500K-$5M,,44.48,-96.2,-,-,1,,470,Unmodified
19550708.31.16,Summary,1955-07-08,02:00:00,3,Nebraska,-,-,2,1,13,10,31.2,Custer,Sherman,Howard,-,-,-,-,-,-,-,-,-,$50K-$500K,,41.28,-99.22,41.28,-98.58,1,,471,Unmodified
19550708.18.9,Summary,1955-07-08,16:00:00,3,Indiana,-,-,1,0,0,23,0.1,Huntington,-,-,-,-,-,-,-,-,-,-,-,$500-$5000,,40.88,-85.43,-,-,1,,472,Unmodified
19550708.8.15,Summary,1955-07-08,22:00:00,3,Colorado,-,-,2,0,0,33,0.1,Morgan,-,-,-,-,-,-,-,-,-,-,-,$500-$5000,,40.25,-103.75,-,-,1,,473,Unmodified
19550709.31.17,Summary,1955-07-09,22:00:00,3,Nebraska,-,-,1,0,0,10,0.1,Polk,-,-,-,-,-,-,-,-,-,-,-,$5K-$50K,,41.07,-97.8,-,-,1,,474,Unmodified
19550709.31.18,Summary,1955-07-09,22:30:00,3,Nebraska,-,-,0,0,0,10,0.1,Box Butte,-,-,-,-,-,-,-,-,-,-,-,$500-$5000,,42.37,-102.85,-,-,1,,475,Unmodified
19550709.31.19,Summary,1955-07-09,23:00:00,3,Nebraska,-,-,1,0,0,10,5.6,Hall,-,-,-,-,-,-,-,-,-,-,-,$500-$5000,,40.93,-98.55,40.93,-98.43,1,,476,Unmodified
19550710.8.16,Summary,1955-07-10,17:00:00,3,Colorado,-,-,2,0,0,10,0.1,Alamosa,-,-,-,-,-,-,-,-,-,-,-,$500-$5000,,37.45,-105.87,-,-,1,,477,Unmodified
19550710.8.17,Summary,1955-07-10,22:00:00,3,Colorado,-,-,2,0,0,10,4.3,Weld,-,-,-,-,-,-,-,-,-,-,-,$500-$5000,,40.52,-104.7,40.58,-104.73,1,,478,Unmodified
19550712.31.20,Summary,1955-07-12,00:20:00,3,Nebraska,-,-,1,0,0,250,0.1,Dawson,-,-,-,-,-,-,-,-,-,-,-,$500-$5000,,41.02,-99.63,-,-,1,,479,Unmodified
19550712.31.21,Summary,1955-07-12,13:00:00,3,Nebraska,-,-,1,0,0,10,0.1,Brown,-,-,-,-,-,-,-,-,-,-,-,$50-$500,,42.48,-99.87,-,-,1,,480,Unmodified
19550712.25.2,Summary,1955-07-12,17:00:00,3,Massachusetts,-,-,2,0,0,33,0.5,Berkshire,-,-,-,-,-,-,-,-,-,-,-,-,,42.1,-73.37,-,-,1,,481,Unmodified
19550712.31.22,Summary,1955-07-12,17:00:00,3,Nebraska,-,-,1,0,0,10,0.1,Howard,-,-,-,-,-,-,-,-,-,-,-,$50-$500,,41.1,-98.67,-,-,1,,482,Unmodified
19550712.31.23,Summary,1955-07-12,18:15:00,3,Nebraska,-,-,2,0,0,10,5.2,Buffalo,-,-,-,-,-,-,-,-,-,-,-,$500-$5000,,40.78,-99.02,40.85,-98.95,1,,483,Unmodified
19550712.31.24,Summary,1955-07-12,21:00:00,3,Nebraska,-,-,0,0,0,10,0.1,Scotts Bluff,-,-,-,-,-,-,-,-,-,-,-,-,,41.83,-103.67,-,-,1,,484,Unmodified
19550713.20.92,Summary,1955-07-13,18:30:00,3,Kansas,-,-,2,0,0,10,0.3,Gray,-,-,-,-,-,-,-,-,-,-,-,$500-$5000,,37.82,-100.33,-,-,1,,485,Unmodified
19550715.26.9,Summary,1955-07-15,08:00:00,3,Michigan,-,-,1,0,0,10,0.1,Oakland,-,-,-,-,-,-,-,-,-,-,-,$500-$5000,,42.68,-83.37,-,-,1,,486,Unmodified
19550715.40.73,Summary,1955-07-15,14:20:00,3,Oklahoma,-,-,1,1,2,300,1.5,Murray,-,-,-,-,-,-,-,-,-,-,-,$5K-$50K,,34.5,-97,-,-,1,,487,Unmodified
19550718.20.93,Summary,1955-07-18,12:37:00,3,Kansas,-,-,0,0,0,10,0.1,Pratt,-,-,-,-,-,-,-,-,-,-,-,-,,37.73,-98.7,-,-,1,,488,Unmodified
19550718.20.94,Summary,1955-07-18,12:37:00,3,Kansas,-,-,0,0,0,10,0.1,Pratt,-,-,-,-,-,-,-,-,-,-,-,-,,37.77,-98.57,-,-,1,,489,Unmodified
19550722.55.8,Summary,1955-07-22,14:00:00,3,Wisconsin,-,-,1,0,0,200,2,Pierce,-,-,-,-,-,-,-,-,-,-,-,$500-$5000,,44.78,-92.13,-,-,1,,490,Unmodified
19550723.40.74,Summary,1955-07-23,01:15:00,3,Oklahoma,-,-,1,0,0,200,2,Woodward,-,-,-,-,-,-,-,-,-,-,-,$500-$5000,,36.57,-99.58,-,-,1,,491,Unmodified
19550723.20.95,Summary,1955-07-23,16:30:00,3,Kansas,-,-,0,0,0,10,0.1,Neosho,-,-,-,-,-,-,-,-,-,-,-,-,,37.47,-95.13,-,-,1,,492,Unmodified
19550723.29.27,Summary,1955-07-23,19:30:00,3,Missouri,-,-,1,0,0,10,0.2,Greene,-,-,-,-,-,-,-,-,-,-,-,$50-$500,,37.12,-93.35,-,-,1,,493,Unmodified
19550725.56.4,Summary,1955-07-25,15:30:00,3,Wyoming,-,-,0,0,0,800,2,Converse,-,-,-,-,-,-,-,-,-,-,-,<$50,,42.75,-105.25,-,-,1,,494,Unmodified
19550728.48.97,Summary,1955-07-28,15:40:00,3,Texas,-,-,1,0,0,10,1,Wilbarger,-,-,-,-,-,-,-,-,-,-,-,-,,34.07,-99.28,-,-,1,,495,Unmodified
19550729.12.6,Summary,1955-07-29,16:00:00,3,Florida,-,-,1,0,0,17,0.9,Palm Beach,-,-,-,-,-,-,-,-,-,-,-,$5K-$50K,,27.2,-80.75,-,-,1,,496,Unmodified
19550731.8.18,Summary,1955-07-31,13:00:00,3,Colorado,-,-,3,0,0,100,0.5,Costilla,-,-,-,-,-,-,-,-,-,-,-,$500-$5000,,37.43,-105.43,-,-,1,,497,Unmodified
19550731.40.75,Summary,1955-07-31,15:30:00,3,Oklahoma,-,-,1,0,0,10,0.1,Oklahoma,-,-,-,-,-,-,-,-,-,-,-,$5K-$50K,,35.75,-97.32,-,-,1,,498,Unmodified
19550731.55.9,Summary,1955-07-31,17:10:00,3,Wisconsin,-,-,2,0,0,50,2.7,Marquette,-,-,-,-,-,-,-,-,-,-,-,$50K-$500K,,43.97,-89.5,43.95,-89.43,1,,499,Unmodified
19550802.12.7,Summary,1955-08-02,13:30:00,3,Florida,-,-,0,0,0,10,0.1,Palm Beach,-,-,-,-,-,-,-,-,-,-,-,<$50,,26.7,-80.7,-,-,1,,500,Unmodified
19550803.38.9,Summary,1955-08-03,15:00:00,3,North Dakota,-,-,2,0,0,10,0.1,McLean,-,-,-,-,-,-,-,-,-,-,-,$500-$5000,,47.33,-101,-,-,1,,501,Unmodified
19550803.38.10,Summary,1955-08-03,15:00:00,3,North Dakota,-,-,1,0,0,10,0.1,McLean,-,-,-,-,-,-,-,-,-,-,-,$500-$5000,,47.3,-101.25,-,-,1,,502,Unmodified
19550803.31.25,Summary,1955-08-03,17:30:00,3,Nebraska,-,-,1,0,0,10,0.5,Box Butte,-,-,-,-,-,-,-,-,-,-,-,$50-$500,,42.32,-103.3,-,-,1,,503,Unmodified
19550803.38.11,Summary,1955-08-03,20:30:00,3,North Dakota,-,-,2,0,0,10,1.5,Barnes,-,-,-,-,-,-,-,-,-,-,-,$50K-$500K,,47,-98,-,-,1,,504,Unmodified
19550805.12.8,Summary,1955-08-05,08:38:00,3,Florida,-,-,0,0,0,10,0.1,Palm Beach,-,-,-,-,-,-,-,-,-,-,-,-,,26.75,-80.05,-,-,1,,505,Unmodified
19550805.40.76,Summary,1955-08-05,14:30:00,3,Oklahoma,-,-,1,0,0,10,0.1,Tillman,-,-,-,-,-,-,-,-,-,-,-,$500-$5000,,34.4,-99.05,-,-,1,,506,Unmodified
19550806.48.98,Summary,1955-08-06,15:00:00,3,Texas,-,-,1,0,0,10,3.3,Parker,-,-,-,-,-,-,-,-,-,-,-,$500-$5000,,32.95,-98.03,32.97,-97.98,1,,507,Unmodified
19550806.26.10,Summary,1955-08-06,15:35:00,3,Michigan,-,-,2,0,1,100,0.5,Barry,-,-,-,-,-,-,-,-,-,-,-,$5K-$50K,,42.65,-85.28,-,-,1,,508,Unmodified
19550806.26.11,Summary,1955-08-06,17:00:00,3,Michigan,-,-,2,0,0,300,7.9,Jackson,-,-,-,-,-,-,-,-,-,-,-,$500-$5000,,42.1,-84.33,42.15,-84.18,1,,509,Unmodified
19550807.40.77,Summary,1955-08-07,15:00:00,3,Oklahoma,-,-,1,0,0,400,5.9,Tulsa,-,-,-,-,-,-,-,-,-,-,-,<$50,,36.05,-95.95,36.12,-95.88,1,,510,Unmodified
19550809.31.26,Summary,1955-08-09,16:15:00,3,Nebraska,-,-,1,0,0,80,2,Greeley,-,-,-,-,-,-,-,-,-,-,-,$500-$5000,,41.4,-98.63,-,-,1,,511,Unmodified
19550809.31.27,Summary,1955-08-09,17:30:00,3,Nebraska,-,-,1,0,0,17,0.1,Dawson,-,-,-,-,-,-,-,-,-,-,-,$500-$5000,,40.77,-99.75,-,-,1,,512,Unmodified
19550810.45.5,Summary,1955-08-10,13:30:00,3,South Carolina,-,-,1,0,5,200,0.3,Horry,-,-,-,-,-,-,-,-,-,-,-,$5K-$50K,,33.72,-79.05,-,-,1,,513,Unmodified
19550810.38.12,Summary,1955-08-10,15:00:00,3,North Dakota,-,-,1,0,0,10,0.1,LaMoure,-,-,-,-,-,-,-,-,-,-,-,$5K-$50K,,46.5,-98.5,-,-,1,,514,Unmodified
19550810.45.6,Summary,1955-08-10,17:00:00,3,South Carolina,-,-,2,0,0,77,8.8,Dillon,-,-,-,-,-,-,-,-,-,-,-,$500-$5000,,34.37,-79.43,34.33,-79.28,1,,515,Unmodified
19550810.37.6,Summary,1955-08-10,17:30:00,3,North Carolina,-,-,1,0,1,50,1,Pender,-,-,-,-,-,-,-,-,-,-,-,$5K-$50K,,34.67,-78.07,-,-,1,,516,Unmodified
19550812.48.99,Summary,1955-08-12,13:37:00,3,Texas,-,-,0,0,0,10,1,Mitchell,-,-,-,-,-,-,-,-,-,-,-,-,,32.43,-100.62,-,-,1,,517,Unmodified
19550812.10.1,Summary,1955-08-12,15:26:00,3,Delaware,-,-,2,0,1,133,2.7,Sussex,-,-,-,-,-,-,-,-,-,-,-,$500-$5000,,38.53,-75.07,38.55,-75.02,1,,518,Unmodified
19550818.48.100,Summary,1955-08-18,19:00:00,3,Texas,-,-,1,0,0,167,2,Coke,-,-,-,-,-,-,-,-,-,-,-,-,,31.88,-100.3,-,-,1,,519,Unmodified
19550819.42.3,Summary,1955-08-19,12:13:00,3,Pennsylvania,-,-,2,0,0,10,0.1,Chester,-,-,-,-,-,-,-,-,-,-,-,$5K-$50K,,40.4,-77.38,-,-,1,,520,Unmodified
19550820.26.12,Summary,1955-08-20,11:10:00,3,Michigan,-,-,0,0,0,80,16.6,Missaukee,Crawford,-,-,-,-,-,-,-,-,-,-,$500-$5000,,44.42,-85.03,44.58,-84.78,1,,521,Unmodified
19550821.17.10,Summary,1955-08-21,18:15:00,3,Illinois,-,-,1,0,0,500,2,DeWitt,-,-,-,-,-,-,-,-,-,-,-,$5K-$50K,,40.13,-88.97,-,-,1,,522,Unmodified
19550822.13.13,Summary,1955-08-22,14:00:00,3,Georgia,-,-,0,0,0,100,1,Dougherty,-,-,-,-,-,-,-,-,-,-,-,$50-$500,,31.5,-84.33,-,-,1,,523,Unmodified
19550822.13.14,Summary,1955-08-22,16:00:00,3,Georgia,-,-,0,0,0,400,3.6,Spalding,-,-,-,-,-,-,-,-,-,-,-,$50-$500,,33.2,-84.17,33.23,-84.13,1,,524,Unmodified
19550825.16.1,Summary,1955-08-25,22:00:00,3,Idaho,-,-,1,0,0,10,0.5,Madison,-,-,-,-,-,-,-,-,-,-,-,<$50,,43.83,-111.9,-,-,1,,525,Unmodified
19550828.46.13,Summary,1955-08-28,17:15:00,3,South Dakota,-,-,2,0,0,10,1.5,Grant,-,-,-,-,-,-,-,-,-,-,-,$5K-$50K,,45.12,-96.58,-,-,1,,526,Unmodified
19550829.48.101,Summary,1955-08-29,17:00:00,3,Texas,-,-,1,0,0,17,0.3,Hamilton,-,-,-,-,-,-,-,-,-,-,-,$50-$500,,31.7,-98.3,-,-,1,,527,Unmodified
19550829.17.11,Summary,1955-08-29,17:30:00,3,Illinois,-,-,0,0,0,10,0.1,Champaign,-,-,-,-,-,-,-,-,-,-,-,-,,40.33,-88.13,-,-,1,,528,Unmodified
19550829.17.12,Summary,1955-08-29,17:30:00,3,Illinois,-,-,0,0,0,10,0.1,Champaign,-,-,-,-,-,-,-,-,-,-,-,-,,40.33,-88.13,-,-,1,,529,Unmodified
19550829.17.13,Summary,1955-08-29,18:00:00,3,Illinois,-,-,2,0,2,100,11.5,Scott,Morgan,-,-,-,-,-,-,-,-,-,-,$50K-$500K,,39.62,-90.4,39.75,-90.27,1,,530,Unmodified
19550830.48.102,Summary,1955-08-30,15:10:00,3,Texas,-,-,1,0,5,33,1,Wharton,-,-,-,-,-,-,-,-,-,-,-,-,,29.4,-96.08,-,-,1,,531,Unmodified
19550830.36.1,Summary,1955-08-30,15:20:00,3,New York,-,-,3,0,0,200,1,Schuyler,-,-,-,-,-,-,-,-,-,-,-,$5K-$50K,,42.33,-76.92,-,-,1,,532,Unmodified
19550910.20.96,Summary,1955-09-10,15:55:00,3,Kansas,-,-,1,0,0,10,0.1,Butler,-,-,-,-,-,-,-,-,-,-,-,-,,37.63,-96.98,-,-,1,,533,Unmodified
19550916.27.10,Summary,1955-09-16,14:30:00,3,Minnesota,-,-,1,1,0,10,10.4,Mille Lacs,Kanabec,-,-,-,-,-,-,-,-,-,-,$50K-$500K,,45.77,-93.55,45.85,-93.32,1,,534,Unmodified
19550917.27.11,Summary,1955-09-17,19:30:00,3,Minnesota,-,-,1,0,0,23,0.3,Koochiching,-,-,-,-,-,-,-,-,-,-,-,-,,47.98,-93.12,-,-,1,,535,Unmodified
19550917.31.28,Summary,1955-09-17,23:45:00,3,Nebraska,-,-,1,0,0,67,2,Sherman,-,-,-,-,-,-,-,-,-,-,-,$500-$5000,,41.23,-98.97,-,-,1,,536,Unmodified
19550920.46.14,Summary,1955-09-20,12:15:00,3,South Dakota,-,-,2,0,0,177,1.3,Butte,-,-,-,-,-,-,-,-,-,-,-,$500-$5000,,44.72,-103.42,-,-,1,,537,Unmodified
19550920.48.103,Summary,1955-09-20,15:00:00,3,Texas,-,-,1,0,0,10,0.1,Hidalgo,-,-,-,-,-,-,-,-,-,-,-,-,,26.3,-98.17,-,-,1,,538,Unmodified
19550920.31.30,Summary,1955-09-20,16:00:00,3,Nebraska,-,-,2,0,0,10,8.5,Custer,-,-,-,-,-,-,-,-,-,-,-,$500-$5000,,41.65,-99.38,41.73,-99.25,1,,539,Unmodified
19550920.31.29,Summary,1955-09-20,16:15:00,3,Nebraska,-,-,1,0,0,10,12.1,Blaine,-,-,-,-,-,-,-,-,-,-,-,$500-$5000,,41.92,-99.87,42.07,-99.73,1,,540,Unmodified
19550920.31.31,Summary,1955-09-20,20:00:00,3,Nebraska,-,-,1,0,0,10,5.9,Nuckolls,-,-,-,-,-,-,-,-,-,-,-,$500-$5000,,40.23,-97.97,40.3,-97.88,1,,541,Unmodified
19550921.20.97,Summary,1955-09-21,15:50:00,3,Kansas,-,-,2,0,0,33,0.3,Coffey,-,-,-,-,-,-,-,-,-,-,-,$500-$5000,,38.3,-95.55,-,-,1,,542,Unmodified
19550921.29.28,Summary,1955-09-21,16:30:00,3,Missouri,-,-,1,0,0,500,4.7,Morgan,Moniteau,-,-,-,-,-,-,-,-,-,-,$500-$5000,,38.55,-92.82,38.6,-92.75,1,,543,Unmodified
19550922.20.98,Summary,1955-09-22,17:45:00,3,Kansas,-,-,0,1,0,10,0.1,Barton,-,-,-,-,-,-,-,-,-,-,-,-,,38.37,-98.8,-,-,1,,544,Unmodified
19550923.12.9,Summary,1955-09-23,15:55:00,3,Florida,-,-,0,0,0,10,0.1,Sarasota,-,-,-,-,-,-,-,-,-,-,-,-,,27.13,-82.3,-,-,1,,545,Unmodified
19550924.29.29,Summary,1955-09-24,04:30:00,3,Missouri,-,-,1,0,0,10,0.2,Cass,-,-,-,-,-,-,-,-,-,-,-,$5K-$50K,,38.63,-94.17,-,-,1,,546,Unmodified
19550925.48.104,Summary,1955-09-25,04:30:00,3,Texas,-,-,2,0,0,50,1,Young,-,-,-,-,-,-,-,-,-,-,-,$5K-$50K,,33.43,-98.77,-,-,1,,547,Unmodified
19551005.29.30,Summary,1955-10-05,01:30:00,3,Missouri,-,-,1,0,0,77,2,Polk,-,-,-,-,-,-,-,-,-,-,-,<$50,,37.8,-93.58,-,-,1,,548,Unmodified
19551006.17.14,Summary,1955-10-06,16:45:00,3,Illinois,-,-,1,0,2,50,15,St. Clair,Madison,-,-,-,-,-,-,-,-,-,-,$50K-$500K,,38.62,-90.12,38.73,-89.87,1,,549,Unmodified
19551006.17.15,Summary,1955-10-06,17:05:00,3,Illinois,-,-,1,0,0,10,0.1,St. Clair,-,-,-,-,-,-,-,-,-,-,-,$5K-$50K,,38.5,-90,-,-,1,,550,Unmodified
19551006.17.16,Summary,1955-10-06,17:15:00,3,Illinois,-,-,1,0,0,10,10.5,Washington,-,-,-,-,-,-,-,-,-,-,-,$5K-$50K,,38.43,-89.55,38.35,-89.38,1,,551,Unmodified
19551006.17.17,Summary,1955-10-06,19:00:00,3,Illinois,-,-,2,0,0,10,1,Shelby,-,-,-,-,-,-,-,-,-,-,-,$500-$5000,,39.27,-88.5,-,-,1,,552,Unmodified
19551006.18.10,Summary,1955-10-06,19:30:00,3,Indiana,-,-,1,0,0,10,0.5,Wells,-,-,-,-,-,-,-,-,-,-,-,$500-$5000,,40.73,-85.18,-,-,1,,553,Unmodified
19551013.12.10,Summary,1955-10-13,14:00:00,3,Florida,-,-,1,0,0,10,0.1,Broward,-,-,-,-,-,-,-,-,-,-,-,$50-$500,,26.23,-80.1,-,-,1,,554,Unmodified
19551016.34.1,Summary,1955-10-16,14:10:00,3,New Jersey,-,-,2,0,0,100,3.8,Monmouth,-,-,-,-,-,-,-,-,-,-,-,-,,40.3,-74.08,40.32,-74,1,,555,Unmodified
19551016.1.4,Summary,1955-10-16,18:05:00,3,Alabama,-,-,2,0,0,167,17.3,Coffee,Dale,-,-,-,-,-,-,-,-,-,-,$500-$5000,,31.32,-85.82,31.45,-85.57,1,,556,Unmodified
19551016.1.5,Summary,1955-10-16,18:15:00,3,Alabama,-,-,1,0,0,167,14,Coffee,-,-,-,-,-,-,-,-,-,-,-,$5K-$50K,,31.35,-86.02,31.32,-85.78,1,,557,Unmodified
19551016.1.6,Summary,1955-10-16,18:40:00,3,Alabama,-,-,2,0,5,100,16.4,Coffee,Dale,-,-,-,-,-,-,-,-,-,-,$500K-$5M,,31.32,-85.83,31.42,-85.58,1,,558,Unmodified
19551024.50.2,Summary,1955-10-24,15:45:00,3,Vermont,-,-,2,0,0,10,1,Windsor,-,-,-,-,-,-,-,-,-,-,-,$5K-$50K,,43.37,-72.5,-,-,1,,559,Unmodified
19551024.33.1,Summary,1955-10-24,16:00:00,3,New Hampshire,-,-,0,0,0,10,14.6,Sullivan,-,-,-,-,-,-,-,-,-,-,-,$5K-$50K,,43.23,-72.43,43.37,-72.2,1,,560,Unmodified
19551024.9.1,Summary,1955-10-24,16:30:00,3,Connecticut,-,-,2,0,0,200,0.5,New Haven,-,-,-,-,-,-,-,-,-,-,-,$500-$5000,,41.5,-73.05,-,-,1,,561,Unmodified
19551024.9.2,Summary,1955-10-24,16:35:00,3,Connecticut,-,-,1,0,0,200,0.5,Hartford,-,-,-,-,-,-,-,-,-,-,-,$500-$5000,,41.72,-72.62,-,-,1,,562,Unmodified
19551024.25.3,Summary,1955-10-24,17:00:00,3,Massachusetts,-,-,1,0,0,10,3,Worcester,-,-,-,-,-,-,-,-,-,-,-,$500-$5000,,42.27,-71.87,42.32,-71.92,1,,563,Unmodified
19551024.25.4,Summary,1955-10-24,18:05:00,3,Massachusetts,-,-,1,0,0,10,0.1,Middlesex,-,-,-,-,-,-,-,-,-,-,-,$500-$5000,,42.63,-71.3,-,-,1,,564,Unmodified
19551028.5.14,Summary,1955-10-28,09:05:00,3,Arkansas,-,-,2,0,0,10,0.5,Calhoun,-,-,-,-,-,-,-,-,-,-,-,$500-$5000,,33.53,-92.48,-,-,1,,565,Unmodified
19551028.5.15,Summary,1955-10-28,10:00:00,3,Arkansas,-,-,3,0,1,100,1,Desha,-,-,-,-,-,-,-,-,-,-,-,$5K-$50K,,33.8,-91.27,-,-,1,,566,Unmodified
19551028.28.6,Summary,1955-10-28,11:00:00,3,Mississippi,-,-,2,0,1,10,2,Coahoma,-,-,-,-,-,-,-,-,-,-,-,$50K-$500K,,34.2,-90.57,-,-,1,,567,Unmodified
19551028.47.15,Summary,1955-10-28,12:00:00,3,Tennessee,-,-,2,0,0,100,0.2,Shelby,-,-,-,-,-,-,-,-,-,-,-,$50K-$500K,,35.05,-89.67,-,-,1,,568,Unmodified
19551028.13.15,Summary,1955-10-28,20:00:00,3,Georgia,-,-,0,1,2,100,0.1,Miller,-,-,-,-,-,-,-,-,-,-,-,$50-$500,,31.08,-84.73,-,-,1,,569,Unmodified
19551029.12.11,Summary,1955-10-29,11:00:00,3,Florida,-,-,2,0,0,10,0.1,Manatee,-,-,-,-,-,-,-,-,-,-,-,$50-$500,,27.4,-82.63,-,-,1,,570,Unmodified
19551102.5.16,Summary,1955-11-02,11:30:00,3,Arkansas,-,-,2,0,5,67,29.9,Van Buren,-,-,-,-,-,-,-,-,-,-,-,$5K-$50K,,35.65,-92.83,35.67,-92.3,1,,571,Unmodified
19551104.12.12,Summary,1955-11-04,11:00:00,3,Florida,-,-,1,0,0,10,0.1,Jackson,-,-,-,-,-,-,-,-,-,-,-,$50-$500,,30.75,-85.1,-,-,1,,572,Unmodified
19551115.5.22,Summary,1955-11-15,12:00:00,3,Arkansas,-,-,1,0,0,10,0.1,Madison,-,-,-,-,-,-,-,-,-,-,-,$50-$500,,35.9,-93.67,-,-,1,,573,Unmodified
19551115.17.18,Summary,1955-11-15,15:00:00,3,Illinois,-,-,1,0,0,10,0.1,Champaign,-,-,-,-,-,-,-,-,-,-,-,-,,39.9,-88.07,-,-,1,,574,Unmodified
19551115.5.17,Summary,1955-11-15,15:17:00,3,Arkansas,-,-,3,1,4,133,36.5,Cleburne,Independence,-,-,-,-,-,-,-,-,-,-,$50K-$500K,,35.48,-92.03,35.72,-91.45,1,,575,Unmodified
19551115.5.18,Summary,1955-11-15,15:26:00,3,Arkansas,-,-,2,0,0,73,1.5,Perry,-,-,-,-,-,-,-,-,-,-,-,$50K-$500K,,35.03,-93.05,-,-,1,,576,Unmodified
19551115.17.19,Summary,1955-11-15,15:30:00,3,Illinois,-,-,1,0,0,880,4.5,Randolph,-,-,-,-,-,-,-,-,-,-,-,-,,38.07,-89.77,38.08,-89.68,1,,577,Unmodified
19551115.17.20,Summary,1955-11-15,15:35:00,3,Illinois,-,-,1,0,0,10,0.1,Montgomery,-,-,-,-,-,-,-,-,-,-,-,$5K-$50K,,39.15,-89.45,-,-,1,,578,Unmodified
19551115.17.21,Summary,1955-11-15,16:45:00,3,Illinois,-,-,1,0,0,10,0.1,Christian,-,-,-,-,-,-,-,-,-,-,-,-,,39.38,-89.1,-,-,1,,579,Unmodified
19551115.5.19,Summary,1955-11-15,17:00:00,3,Arkansas,-,-,3,0,0,10,0.1,Cleburne,-,-,-,-,-,-,-,-,-,-,-,$5K-$50K,,35.43,-92.08,-,-,1,,580,Unmodified
19551115.17.22,Summary,1955-11-15,17:00:00,3,Illinois,-,-,0,0,0,10,0.2,Vermilion,-,-,-,-,-,-,-,-,-,-,-,$50-$500,,39.98,-87.77,-,-,1,,581,Unmodified
19551115.18.11,Summary,1955-11-15,18:00:00,3,Indiana,-,-,1,0,0,10,0.1,Warrick,-,-,-,-,-,-,-,-,-,-,-,$500-$5000,,38.05,-87.27,-,-,1,,582,Unmodified
19551115.5.20,Summary,1955-11-15,18:05:00,3,Arkansas,-,-,3,0,9,880,3.8,Lawrence,-,-,-,-,-,-,-,-,-,-,-,$50K-$500K,,35.9,-91.08,35.92,-91.02,1,,583,Unmodified
19551115.18.12,Summary,1955-11-15,19:20:00,3,Indiana,-,-,3,0,9,50,2,Vanderburgh,-,-,-,-,-,-,-,-,-,-,-,$50K-$500K,,37.97,-87.53,-,-,1,,584,Unmodified
19551115.5.21,Summary,1955-11-15,19:30:00,3,Arkansas,-,-,2,0,1,220,15,Washington,-,-,-,-,-,-,-,-,-,-,-,$500-$5000,,36.05,-94,36.13,-93.75,1,,585,Unmodified
19551115.39.6,Summary,1955-11-15,19:30:00,3,Ohio,Indiana,-,3,0,8,400,21,Darke,Randolph,-,-,-,-,-,-,-,-,-,-,$500K-$5M,,40.1,-84.77,40.1,-84.77,2,,586,Unmodified
19551115.39.6,State,1955-11-15,19:30:00,3,Ohio,,,3,0,1,300,6.6,Darke,-,-,-,-,-,-,-,-,-,-,-,$500K-$5M,,40.1,-84.77,40.1,-84.63,2,,586,Unmodified
19551115.39.6,State,1955-11-15,19:45:00,3,Indiana,,,3,0,7,400,14.4,Randolph,-,-,-,-,-,-,-,-,-,-,-,$5K-$50K,,40.1,-84.63,40.1,-84.77,2,,586,Unmodified
19551115.18.14,Summary,1955-11-15,22:00:00,3,Indiana,-,-,1,0,0,10,0.1,Knox,-,-,-,-,-,-,-,-,-,-,-,$5K-$50K,,38.52,-87.52,-,-,1,,587,Unmodified
19551115.18.15,Summary,1955-11-15,22:35:00,3,Indiana,-,-,2,0,2,10,0.1,Marion,-,-,-,-,-,-,-,-,-,-,-,$5K-$50K,,39.77,-86.17,-,-,1,,588,Unmodified
19551116.29.31,Summary,1955-11-16,00:15:00,3,Missouri,-,-,2,0,2,1000,4.3,Howell,-,-,-,-,-,-,-,-,-,-,-,$5K-$50K,,36.67,-91.9,36.7,-91.83,1,,589,Unmodified
19551116.17.23,Summary,1955-11-16,02:20:00,3,Illinois,-,-,2,0,0,150,4.5,Union,-,-,-,-,-,-,-,-,-,-,-,$50K-$500K,,37.43,-89.27,37.45,-89.18,1,,590,Unmodified
19551203.17.24,Summary,1955-12-03,16:00:00,3,Illinois,-,-,1,0,0,100,12.5,Brown,Cass,-,-,-,-,-,-,-,-,-,-,$5K-$50K,,40.05,-90.68,40.02,-90.45,1,,591,Unmodified
19551203.17.25,Summary,1955-12-03,20:00:00,3,Illinois,-,-,2,0,0,10,32,LaSalle,Livingston,Grundy,-,-,-,-,-,-,-,-,-,<$50,,40.95,-88.95,41.18,-88.42,1,,592,Unmodified
19551204.45.7,Summary,1955-12-04,16:30:00,3,South Carolina,-,-,2,0,0,100,0.8,Marlboro,-,-,-,-,-,-,-,-,-,-,-,$50K-$500K,,34.38,-79.6,-,-,1,,593,Unmodified
